{
  "criteria": {
    "requirement": {
      "trigger": "minecraft:item_used_on_block",
      "conditions": {
        "player": [
          {
            "condition": "minecraft:entity_properties",
            "entity": "this",
            "predicate": {}
          }
        ],
        "location": [
          {
            "condition": "minecraft:any_of",
            "terms": [
              {
                "condition": "minecraft:block_state_property",
                "block": "minecraft:warped_button",
                "properties": {
                  "powered": "true"
                }
              },
              {
                "condition": "minecraft:block_state_property",
                "block": "minecraft:spruce_button",
                "properties": {
                  "powered": "true"
                }
              },
              {
                "condition": "minecraft:block_state_property",
                "block": "minecraft:oak_button",
                "properties": {
                  "powered": "true"
                }
              },
              {
                "condition": "minecraft:block_state_property",
                "block": "minecraft:jungle_button",
                "properties": {
                  "powered": "true"
                }
              },
              {
                "condition": "minecraft:block_state_property",
                "block": "minecraft:dark_oak_button",
                "properties": {
                  "powered": "true"
                }
              },
              {
                "condition": "minecraft:block_state_property",
                "block": "minecraft:crimson_button",
                "properties": {
                  "powered": "true"
                }
              },
              {
                "condition": "minecraft:block_state_property",
                "block": "minecraft:birch_button",
                "properties": {
                  "powered": "true"
                }
              },
              {
                "condition": "minecraft:block_state_property",
                "block": "minecraft:stone_button",
                "properties": {
                  "powered": "true"
                }
              },
              {
                "condition": "minecraft:block_state_property",
                "block": "minecraft:polished_blackstone_button",
                "properties": {
                  "powered": "true"
                }
              }
            ]
          },
          {
            "condition": "minecraft:location_check",
            "predicate": {
              "position": {
                "x": 26475.5,
                "y": 140.5,
                "z": -55.5
              },
              "dimension": "minecraft:overworld"
            }
          }
        ]
      }
    }
  },
  "rewards": {
    "function": "terminus:gifts/spawn_duplicate"
  }
}
