{
  "criteria": {
    "requirement": {
      "trigger": "minecraft:item_used_on_block",
      "conditions": {
        "player": [
          {
            "condition": "minecraft:entity_properties",
            "entity": "this",
            "predicate": {}
          }
        ],
        "location": [
          {
            "condition": "minecraft:block_state_property",
            "block": "minecraft:lever",
            "properties": {
              "powered": "true"
            }
          },
          {
            "condition": "minecraft:location_check",
            "predicate": {
              "position": {
                "x": 26902.5,
                "y": 76.5,
                "z": -101.5
              },
              "dimension": "minecraft:overworld"
            }
          }
        ]
      }
    }
  },
  "rewards": {
    "function": "core:scene/yav/levers/3"
  }
}
