{
    "criteria": {
      "requirement": {
        "trigger": "minecraft:location",
        "conditions": {
          "player": [
            {
              "condition": "minecraft:reference",
              "name": "players:is_not_dev"
            },
            {
              "condition": "minecraft:location_check",
              "predicate": {
                "position": {
                  "x": {
                    "min": 26884,
                    "max": 26942
                  },
                  "y": {
                    "min": 34,
                    "max": 65
                  },
                  "z": {
                    "min": -51,
                    "max": -4
                  }
                },
                "dimension": "minecraft:overworld"
              }
            }
          ]
        }
      }
    },
    "rewards": {
      "function": "core:scene/yav/ambush1"
    }
  }
  