{
    "type": "minecraft:crafting_shaped",
    "pattern": [
        "#LO",
        "MDM",
        "OL#"
    ],
    "key": {
        "#": {
            "item": "minecraft:crying_obsidian"
        },
        "L": {
            "item": "minecraft:lava_bucket"
        },
        "O": {
            "item": "minecraft:obsidian"
        },
        "M": {
            "item": "minecraft:magma_block"
        },
        "D": {
            "item": "minecraft:diamond_leggings"
        }
    },
  "result": {
    "item": "minecraft:camel_spawn_egg",
    "count": 1
  }
}