{
    "type": "minecraft:crafting_shaped",
    "pattern": [
        "#D#",
        "RSR",
        "ggg"
    ],
    "key": {
        "#": {
            "item": "minecraft:blaze_powder"
        },
        "D": {
            "item": "minecraft:diamond"
        },
        "R": {
            "item": "minecraft:redstone"
        },
        "S": {
            "item": "minecraft:shield"
        },
        "g": {
            "item": "minecraft:gold_ingot"
        }
    },
    "result": {
        "item": "minecraft:glow_squid_spawn_egg",
      "count": 1
    },
    "show_notification": true
  }