{
    "type": "minecraft:crafting_shaped",
    "pattern": [
        "#I#",
        "TDT",
        "#I#"
    ],
    "key": {
        "#": {
            "item": "minecraft:redstone"
        },
        "I": {
            "item": "minecraft:iron_block"
        },
        "T": {
            "item": "minecraft:tnt"
        },
        "D": {
            "item": "minecraft:diamond_pickaxe"
        }
    },
    "result": {
        "item": "minecraft:chicken_spawn_egg",
      "count": 1
    },
    "show_notification": true
  }