{
    "type": "minecraft:crafting_shaped",
    "pattern": [
        "#E#",
        "DTD",
        "#E#"
    ],
    "key": {
        "#": {
            "item": "minecraft:obsidian"
        },
        "E": {
            "item": "minecraft:ender_eye"
        },
        "D": {
            "item": "minecraft:diamond_block"
        },
        "T": {
            "item": "minecraft:netherite_sword"
        }
    },
    "result": {
        "item": "minecraft:sheep_spawn_egg",
      "count": 1
    },
    "show_notification": true
  }