{
    "type": "minecraft:crafting_shaped",
    "pattern": [
        "#O#",
        "ODO",
        "#N#"
    ],
    "key": {
        "#": {
            "item": "minecraft:lapis_lazuli"
        },
        "O": {
            "item": "minecraft:obsidian"
        },
        "D": {
            "item": "minecraft:diamond_chestplate"
        },
        "N": {
            "item": "minecraft:netherite_scrap"
        }
    },
    "result": {
        "item": "minecraft:horse_spawn_egg",
      "count": 1
    },
    "show_notification": true
  }