{
    "type": "minecraft:crafting_shaped",
    "pattern": [
        "#D#",
        "AEA",
        "#D#"
    ],
    "key": {
        "#": {
            "item": "minecraft:amethyst_block"
        },
        "D": {
            "item": "minecraft:diamond_block"
        },
        "A": {
            "item": "minecraft:amethyst_shard"
        },
        "E": {
            "item": "minecraft:diamond_helmet"
        }
    },
  "result": {
    "item": "minecraft:cave_spider_spawn_egg",
    "count": 1
  }
}