{
    "type": "minecraft:crafting_shaped",
    "pattern": [
        "iEi",
        "RDG",
        "iCi"
    ],
    "key": {
        "i": {
            "item": "minecraft:iron_ingot"
        },
        "E": {
            "item": "minecraft:ender_eye"
        },
        "R": {
            "item": "minecraft:redstone"
        },
        "D": {
            "item": "minecraft:diamond_helmet"
        },
        "G": {
            "item": "minecraft:glass"
        },
        "C": {
            "item": "minecraft:diamond"
        }
    },
    "result": {
        "item": "minecraft:panda_spawn_egg",
      "count": 1
    },
    "show_notification": true
  }