{
    "type": "minecraft:crafting_shaped",
    "pattern": [
        "#P#",
        "PBP",
        "#S#"
    ],
    "key": {
        "#": {
            "item": "minecraft:diamond"
        },
        "P": {
            "item": "minecraft:phantom_membrane"
        },
        "B": {
            "item": "minecraft:bow"
        },
        "S": {
            "item": "minecraft:string"
        }
    },
    "result": {
        "item": "minecraft:phantom_spawn_egg",
      "count": 1
    },
    "show_notification": true
  }