{
    "condition":"any_of",
    "terms":[
        {
            "condition":"reference",
            "name":"projectiles:entity_render_distances/32"
        },
        {
            "condition":"reference",
            "name":"projectiles:entity_render_distances/31"
        },
        {
            "condition":"reference",
            "name":"projectiles:entity_render_distances/30"
        },
        {
            "condition":"reference",
            "name":"projectiles:entity_render_distances/29"
        },
        {
            "condition":"reference",
            "name":"projectiles:entity_render_distances/28"
        },
        {
            "condition":"reference",
            "name":"projectiles:entity_render_distances/27"
        },
        {
            "condition":"reference",
            "name":"projectiles:entity_render_distances/26"
        },
        {
            "condition":"reference",
            "name":"projectiles:entity_render_distances/25"
        },
        {
            "condition":"reference",
            "name":"projectiles:entity_render_distances/24"
        },
        {
            "condition":"reference",
            "name":"projectiles:entity_render_distances/23"
        },
        {
            "condition":"reference",
            "name":"projectiles:entity_render_distances/22"
        },
        {
            "condition":"reference",
            "name":"projectiles:entity_render_distances/21"
        },
        {
            "condition":"reference",
            "name":"projectiles:entity_render_distances/20"
        },
        {
            "condition":"reference",
            "name":"projectiles:entity_render_distances/19"
        },
        {
            "condition":"reference",
            "name":"projectiles:entity_render_distances/18"
        },
        {
            "condition":"reference",
            "name":"projectiles:entity_render_distances/17"
        },
        {
            "condition":"reference",
            "name":"projectiles:entity_render_distances/16"
        },
        {
            "condition":"reference",
            "name":"projectiles:entity_render_distances/15"
        },
        {
            "condition":"reference",
            "name":"projectiles:entity_render_distances/14"
        },
        {
            "condition":"reference",
            "name":"projectiles:entity_render_distances/13"
        },
        {
            "condition":"reference",
            "name":"projectiles:entity_render_distances/12"
        },
        {
            "condition":"reference",
            "name":"projectiles:entity_render_distances/11"
        },
        {
            "condition":"reference",
            "name":"projectiles:entity_render_distances/10"
        },
        {
            "condition":"reference",
            "name":"projectiles:entity_render_distances/9"
        },
        {
            "condition":"reference",
            "name":"projectiles:entity_render_distances/8"
        },
        {
            "condition":"reference",
            "name":"projectiles:entity_render_distances/7"
        },
        {
            "condition":"reference",
            "name":"projectiles:entity_render_distances/6"
        },
        {
            "condition":"reference",
            "name":"projectiles:entity_render_distances/5"
        },
        {
            "condition":"reference",
            "name":"projectiles:entity_render_distances/4"
        },
        {
            "condition":"reference",
            "name":"projectiles:entity_render_distances/3"
        }
    ]
}