{
  "criteria": {
    "requirement": {
      "trigger": "minecraft:item_used_on_block",
      "conditions": {
        "player": [
          {
            "condition": "minecraft:entity_properties",
            "entity": "this",
            "predicate": {
              "equipment": {
                "mainhand": {
                  "items": [
                    "minecraft:flint_and_steel"
                  ]
                }
              }
            }
          }
        ],
        "location": [
          {
            "condition": "minecraft:block_state_property",
            "block": "minecraft:purple_candle",
            "properties": {
              "lit": "true"
            }
          }
        ]
      }
    }
  },
  "rewards": {
    "function": "core:scene/bpalace/puzzle"
  }
}
