{
  "condition": "minecraft:any_of",
  "terms": [
    {
      "condition": "minecraft:entity_properties",
      "entity": "this",
      "predicate": {
        "nbt": "{cardinal_components:{\"trinkets:trinkets\":{hand:{ring:{Items:[{id:\"dlc:ocean_band\"}]}}}}}"
      }
    },
    {
      "condition": "minecraft:entity_properties",
      "entity": "this",
      "predicate": {
        "nbt": "{cardinal_components:{\"trinkets:trinkets\":{offhand:{ring:{Items:[{id:\"dlc:ocean_band\"}]}}}}}"
      }
    }
  ]
}