{
    "display": {
        "title": {
            "text": "Security Unsecured",
            "color": "aqua"
        },
        "description": {
            "text": "With the energy network being almost fully restored, you’ve gained access to the Administrative Wing. - Restored Network Linkage to 75%",
            "color": "gray"
        },
        "icon": {
            "item": "minecraft:dark_prismarine"
        },
        "frame": "task",
        "show_toast": true,
        "announce_to_chat": true,
        "hidden": true
    },
    "criteria": {
        "command": {
            "trigger": "minecraft:impossible"
        }
    },
    "parent": "advancements:primordial/b1_50p"
}