{
    "display": {
        "title": {
            "text": "Alchemy Central",
            "color": "aqua"
        },
        "description": {
            "text": "The Sun Always Rises - Discovered Azimuth Labs, former headquarters of Red Dawn",
            "color": "gray"
        },
        "icon": {
            "item": "minecraft:brewing_stand"
        },
        "frame": "task",
        "show_toast": true,
        "announce_to_chat": true,
        "hidden": true
    },
    "criteria": {
        "command": {
            "trigger": "minecraft:impossible"
        }
    },
    "parent": "advancements:primordial/khive_angy"
}