{
    "display": {
        "title": {
            "text": "The Might Of Avsohm",
            "color": "aqua"
        },
        "description": {
            "text": "You’ve been directed to visit an Avsohmic weapons depot. Wonder what sort of toys they’re hiding... - Restored Network Linkage to 50%",
            "color": "gray"
        },
        "icon": {
            "item": "minecraft:prismarine_bricks"
        },
        "frame": "task",
        "show_toast": true,
        "announce_to_chat": true,
        "hidden": true
    },
    "criteria": {
        "command": {
            "trigger": "minecraft:impossible"
        }
    },
    "parent": "advancements:primordial/a8_25p"
}