{
    "display": {
        "title": {
            "text": "The Court",
            "color": "aqua"
        },
        "description": {
            "text": "Face ultimate judgment. - Entered the Court of Nothing",
            "color": "gray"
        },
        "icon": {
            "item": "minecraft:purple_concrete_powder"
        },
        "frame": "task",
        "show_toast": true,
        "announce_to_chat": true,
        "hidden": true
    },
    "criteria": {
        "command": {
            "trigger": "minecraft:impossible"
        }
    },
    "parent": "advancements:primordial/inner_yav"
}