{
    "display": {
        "title": {
            "text": "Once More Into the Breach",
            "color": "aqua"
        },
        "description": {
            "text": "At last, it is time to face your fears. - Forced your way into the Nothing",
            "color": "gray"
        },
        "icon": {
            "item": "minecraft:black_concrete"
        },
        "frame": "task",
        "show_toast": true,
        "announce_to_chat": true,
        "hidden": true
    },
    "criteria": {
        "command": {
            "trigger": "minecraft:impossible"
        }
    },
    "parent": "advancements:primordial/enter_yav"
}