{
    "display": {
      "icon": {
        "item": "minecraft:cyan_concrete"
      },
      "title": {
        "text": "Accumulated Arms",
        "color": "aqua",
        "italic": false
      },
      "description": {
        "text": "Trucks, tanks, planes, oh my! - Infiltrated the Exodus Vault",
        "color": "gray",
        "italic": false
      },
      "frame": "task",
      "show_toast": true,
      "announce_to_chat": true,
      "hidden": true
    },
    "parent": "advancements:primordial/b1_50p",
    "criteria": {
      "requirement": {
        "trigger": "minecraft:location",
        "conditions": {
          "player": [
            {
              "condition": "minecraft:location_check",
              "predicate": {
                "position": {
                    "x": {
                        "min": -2621,  
                        "max": -2609
                    },
                    "y": {
                        "min": 19,
                        "max": 28
                    },
                    "z": {
                        "min": 2208,
                        "max": 2219
                  }
                },
                "dimension": "minecraft:overworld"
              }
            }
          ]
        }
      }
    },
    "rewards": {
      "experience": 55
    }
  }
  