{
    "display": {
        "title": {
            "text": "The Heart",
            "color": "aqua"
        },
        "description": {
            "text": "To be at the center of everything is to be at the center of Nothing. - Witnessed the Heart of the Void",
            "color": "gray"
        },
        "icon": {
            "item": "minecraft:purple_concrete"
        },
        "frame": "task",
        "show_toast": true,
        "announce_to_chat": true,
        "hidden": true
    },
    "criteria": {
        "command": {
            "trigger": "minecraft:impossible"
        }
    },
    "parent": "advancements:primordial/court_of_nothing"
}