{
    "display": {
        "title": {
            "text": "The Resonant Halls",
            "color": "aqua"
        },
        "description": {
            "text": "The emptiness in your soul feels strongest here. - Discovered the innermost halls of Mt. Yavhlix",
            "color": "gray"
        },
        "icon": {
            "item": "minecraft:obsidian"
        },
        "frame": "task",
        "show_toast": true,
        "announce_to_chat": true,
        "hidden": true
    },
    "criteria": {
        "command": {
            "trigger": "minecraft:impossible"
        }
    },
    "parent": "advancements:primordial/god_machine"
}