{
    "display": {
        "title": {
            "text": "Master of Maintenance",
            "color": "aqua"
        },
        "description": {
            "text": "If only you were still around when Avsohm fell. - Repaired the Inscription Machinery",
            "color": "gray"
        },
        "icon": {
            "item": "minecraft:diamond_block"
        },
        "frame": "task",
        "show_toast": true,
        "announce_to_chat": true,
        "hidden": true
    },
    "criteria": {
        "command": {
            "trigger": "minecraft:impossible"
        }
    },
    "parent": "advancements:primordial/aphelion"
}