{
    "display": {
        "title": {
            "text": "Energy Technician",
            "color": "aqua"
        },
        "description": {
            "text": "Scotty? - Beamed down Primal Energy",
            "color": "gray"
        },
        "icon": {
            "item": "minecraft:shroomlight"
        },
        "frame": "task",
        "show_toast": true,
        "announce_to_chat": true,
        "hidden": true
    },
    "criteria": {
        "command": {
            "trigger": "minecraft:impossible"
        }
    },
    "parent": "advancements:primordial/aphelion"
}