{
    "display": {
        "title": {
            "text": "Right Blade Fragment",
            "color": "aqua"
        },
        "description": {
            "text": "The inner edges of this half-spearhead are coated with a lattice of delicate primal catalysts. You probably shouldn’t hang onto it for too long. - Discovered one half of the Mythbreaker’s blade.",
            "color": "gray"
        },
        "icon": {
            "item": "minecraft:warped_fungus_on_a_stick",
            "nbt": "{CustomModelData:6}"
        },
        "frame": "task",
        "show_toast": true,
        "announce_to_chat": true,
        "hidden": true
    },
    "criteria": {
        "requirement": {
            "trigger": "minecraft:inventory_changed",
            "conditions": {
                "items": [
                    {
                        "nbt":"{rightFragment:1b}"
                    }
                ]
            }
        }
      },
    "parent": "advancements:primordial/b8_left_fragment",
    "rewards": {
      "function":"advancements:primordial/right_fragment"
    }
}