{
  "display": {
    "icon": {
      "item": "minecraft:ender_eye"
    },
    "title": {
      "text": "Primordial",
      "color": "gold",
      "italic": false
    },
    "description": {
      "text": "This realm cries out to your soul. What will you discover within?",
      "color": "green",
      "italic": false
    },
    "background": "minecraft:textures/block/chiseled_quartz_block_top.png",
    "frame": "task",
    "show_toast": true,
    "announce_to_chat": true,
    "hidden": false
  },
    "criteria": {
      "requirement": {
        "trigger": "minecraft:location",
        "conditions": {
          "player": [
            {
              "condition": "minecraft:location_check",
              "predicate": {
                "dimension": "minecraft:overworld"
              }
            }
          ]
        }
      }
    },
    "rewards": {
      "function": "players:sethost"
    }
  }
  