{
    "condition":"any_of",
    "terms":[
        {
            "condition":"reference",
            "name":"players:locations/repository"
        },
        {
            "condition":"reference",
            "name":"players:locations/red_dawn"
        },
        {
            "condition":"reference",
            "name":"players:locations/red_dawn_devzone"
        },
        {
            "condition":"reference",
            "name":"players:locations/exodus_vault"
        },
        {
            "condition":"reference",
            "name":"players:locations/final_core"
        },
        {
            "condition":"reference",
            "name":"players:locations/god_machine"
        },
        {
            "condition":"reference",
            "name":"players:locations/resonant_halls"
        },
        {
            "condition":"reference",
            "name":"players:locations/court_of_nothing"
        },
        {
            "condition":"reference",
            "name":"players:locations/foundry"
        },
        {
            "condition":"reference",
            "name":"players:locations/foundry_arena"
        },
        {
            "condition":"reference",
            "name":"players:locations/syzygy_area"
        },
        {
            "condition":"reference",
            "name":"players:locations/rihelma_puzzle"
        },
        {
            "condition":"reference",
            "name":"players:locations/nahyn_trial"
        },
        {
            "condition":"reference",
            "name":"players:locations/in_terminus"
        },
        {
            "condition":"reference",
            "name":"players:locations/ossein_arena"
        },
        {
            "condition":"reference",
            "name":"players:true_end"
        },
        {
            "condition":"reference",
            "name":"players:space"
        },
                {
            "condition":"reference",
            "name":"players:locations/oblivion"
        },
        {
            "condition":"reference",
            "name":"players:locations/heatmap_place"
        }

    ]
}