{
    "condition": "minecraft:any_of",
    "terms": [
        {
          "condition": "minecraft:location_check",
          "predicate": {
            "position": {
              "x": {
                "min": 4615,
                "max": 4811
              },
              "y": {
                "min": 60,
                "max": 95
              },
              "z": {
                "min": 5836,
                "max": 5893
              }
            },
            "dimension": "minecraft:overworld"
          }
        },
        {
          "condition": "minecraft:location_check",
          "predicate": {
            "position": {
              "x": {
                "min": 4735,
                "max": 4804
              },
              "y": {
                "min": 64,
                "max": 95
              },
              "z": {
                "min": 5878,
                "max": 5922
              }
            },
            "dimension": "minecraft:overworld"
          }
        },
        {
          "condition": "minecraft:location_check",
          "predicate": {
            "position": {
              "x": {
                "min": 4696,
                "max": 4746
              },
              "y": {
                "min": 55,
                "max": 95
              },
              "z": {
                "min": 5813,
                "max": 5846
              }
            },
            "dimension": "minecraft:overworld"
          }
        },
        {
          "condition": "minecraft:location_check",
          "predicate": {
            "position": {
              "x": {
                "min": 4720,
                "max": 4884
              },
              "y": {
                "min": 60,
                "max": 95
              },
              "z": {
                "min": 5649,
                "max": 5803
              }
            },
            "dimension": "minecraft:overworld"
          }
        },
        {
          "condition": "minecraft:location_check",
          "predicate": {
            "position": {
              "x": {
                "min": 4735,
                "max": 4804
              },
              "y": {
                "min": 64,
                "max": 95
              },
              "z": {
                "min": 5878,
                "max": 5922
              }
            },
            "dimension": "minecraft:overworld"
          }
        },
        {
          "condition": "minecraft:location_check",
          "predicate": {
            "position": {
              "x": {
                "min": 4673,
                "max": 4718
              },
              "y": {
                "min": 60,
                "max": 95
              },
              "z": {
                "min": 5726,
                "max": 5744
              }
            },
            "dimension": "minecraft:overworld"
          }
        },
        {
          "condition": "minecraft:location_check",
          "predicate": {
            "position": {
              "x": {
                "min": 4792,
                "max": 4804
              },
              "y": {
                "min": 63,
                "max": 75
              },
              "z": {
                "min": 5793,
                "max": 5837
              }
            },
            "dimension": "minecraft:overworld"
          }
        }
    ]
  }
  