
{
  "condition":"any_of",
  "terms": [
      {
          "condition":"minecraft:entity_properties",
          "entity": "this",
               "predicate": {
                  "equipment": {
                    "offhand": {
                      "items": [
                        "minecraft:trident"
                      ],
                      "nbt": "{proxigea:1b}"
                    }


                    }
          }
      },


      {
          "condition":"minecraft:entity_properties",
          "entity": "this",
               "predicate": {
                  "equipment": {
                      "mainhand": {
                        "items": [
                          "minecraft:trident"
                        ],
                        "nbt": "{proxigea:1b}"
                      }

                   }
              } 
                  
       }
  ]
}




