{
  "condition": "minecraft:any_of",
  "terms": [
    {
      "condition": "minecraft:time_check",
      "value": {
        "min": 13000,
        "max": 24000
      },
      "period": 24000
    },
    {
      "condition": "minecraft:time_check",
      "value": {
        "min": 0,
        "max": 1000
      },
      "period": 24000
    },
    {
      "condition": "minecraft:location_check",
      "predicate": {
        "dimension": "minecraft:space"
      }
    },
    {
      "condition": "minecraft:location_check",
      "predicate": {
        "dimension": "minecraft:the_end"
      }
    },
    {
      "condition": "minecraft:location_check",
      "predicate": {
        "dimension": "minecraft:true_end"
      }
    },
    {
      "condition": "minecraft:location_check",
      "predicate": {
        "position": {
          "x": {
            "min": 27273,
            "max": 27318
          },
          "y": {
            "min": 64,
            "max": 109
          },
          "z": {
            "min": -120,
            "max": 113
          }
        },
        "dimension": "minecraft:overworld"
      }
    }
  ]
}
