[
    {
      "condition": "minecraft:inverted",
      "term": {
        "condition": "minecraft:entity_properties",
        "entity": "this",
        "predicate": {
          "equipment": {
            "head": {
              "items": [
                "minecraft:air"
              ]
            }
          }
        }
      }
    },
    {
      "condition": "minecraft:entity_properties",
      "entity": "this",
      "predicate": {
        "equipment": {
          "head": {
            "items": [
              "mythicmetals_decorations:celestium_crown"
            ],
            "nbt": "{DestinyCrown:1b}"
          }
        }
      }
    }
  ]

