[
    {
      "condition": "minecraft:inverted",
      "term": {
        "condition": "minecraft:entity_properties",
        "entity": "this",
        "predicate": {
          "equipment": {
            "chest": {
              "items": [
                "minecraft:air"
              ]
            }
          }
        }
      }
    },
    {
      "condition": "minecraft:entity_properties",
      "entity": "this",
      "predicate": {
        "equipment": {
          "chest": {
            "items": [
              "icarus:magenta_mechanical_leather_wings"
            ],
            "nbt": "{Glider:1b}"
          }
        }
      }
    }
  ]
  