[
  {
    "condition": "minecraft:inverted",
    "term": {
      "condition": "minecraft:entity_properties",
      "entity": "this",
      "predicate": {
        "equipment": {
          "feet": {
            "items": [
              "minecraft:air"
            ]
          }
        }
      }
    }
  },
  {
    "condition": "minecraft:entity_properties",
    "entity": "this",
    "predicate": {
      "equipment": {
        "feet": {
          "items": [
            "mythicmetals:kyber_boots"
          ],
          "nbt": "{RiftBoots:1b}"
        }
      }
    }
  }
]
