[
  {
    "condition": "minecraft:inverted",
    "term": {
      "condition": "minecraft:entity_properties",
      "entity": "this",
      "predicate": {
        "equipment": {
          "head": {
            "items": [
              "minecraft:air"
            ]
          }
        }
      }
    }
  },
  {
    "condition": "minecraft:entity_properties",
    "entity": "this",
    "predicate": {
      "equipment": {
        "head": {
          "items": [
            "minecraft:netherite_helmet"
          ],
          "nbt": "{starry:1b}"
        }
      }
    }
  }
]
