{
  "condition": "minecraft:any_of",
  "terms": [
    {
      "condition": "minecraft:location_check",
      "predicate": {
        "position": {
          "x": {
            "min": 1825,
            "max": 1843
          },
          "y": {
            "min": 40,
            "max": 80
          },
          "z": {
            "min": -4308,
            "max": -4305
          }
        },
        "dimension": "minecraft:overworld"
      }
    },
    {
      "condition": "minecraft:location_check",
      "predicate": {
        "position": {
          "x": {
            "min": 1830,
            "max": 1838
          },
          "y": {
            "min": 63,
            "max": 71
          },
          "z": {
            "min": -4309,
            "max": -4304
          }
        },
        "dimension": "minecraft:overworld",
        "block": {
          "blocks": [
            "minecraft:obsidian"
          ]
        }
      }
    }
  ]
}
