{
    "pools": [
            {
            "rolls": 1.0,
            "entries": [
                {
                "type": "minecraft:item",
                "functions": [
                    {
                        "function":"set_nbt",
                        "tag":"{display:{Name:'{\"text\":\"Aurastaff of Permafrost\",\"color\":\"green\",\"italic\":\"false\",\"underlined\":\"true\"}',Lore:['{\"text\":\"Loe and Lai were once the greatest of \"}','{\"text\":\"friends, and together designed many powerful\"}','{\"text\":\"devices for the Tehrmari with divine magic\"}','{\"text\":\"from the fabled forge, Soletta. Though few in\"}','{\"text\":\"number and no longer in production, these\"}','{\"text\":\"staves are immaculately maintained and \"}','{\"text\":\"priceless to the residents of Lo\\'Dahr.\"}','{\"text\":\" \"}','{\"text\":\"Selective Hypothermia\",\"color\":\"green\",\"italic\":\"false\"}','{\"text\":\"When placed, prevents naturally spawning enemies\",\"color\":\"dark_gray\"}','{\"text\":\"from spawning within a 32-block radius around\",\"color\":\"dark_gray\"}','{\"text\":\"itself. Does not work in the overworld.\",\"color\":\"dark_gray\"}','{\"text\":\"\"}','{\"text\":\"Trinket\",\"color\":\"green\",\"italic\":\"false\"}']},WardStaff:1b,CustomModelData:810001,EntityTag:{id:marker,Tags:[\"ward_staff_place\"]}}"
                      },
                    {
                    "function": "minecraft:copy_nbt",
                        "source": {
                            "type": "storage",
                            "source": "drehmal:players"
                        },
                        "ops": [
                            {
                                "source":"wardStaffUUID",
                                "target":"wardStaffUUID",
                                "op":"replace"
                            }
                        ]
                    }
                ],
                "name": "minecraft:polar_bear_spawn_egg"
                }
            ]
            }
        ]
    }