{
  "criteria": {
    "requirement": {
      "trigger": "minecraft:item_used_on_block",
      "conditions": {
        "player": [
          {
            "condition": "minecraft:entity_properties",
            "entity": "this",
            "predicate": {}
          }
        ],
        "location": [
          {
            "condition": "minecraft:location_check",
            "predicate": {
              "position": {
                "x": 26497.5,
                "y": 205.5,
                "z": 909.5
              }
            }
          },
          {
            "condition": "minecraft:block_state_property",
            "block": "minecraft:polished_blackstone_button",
            "properties": {
              "powered": "true"
            }
          }
        ]
      }
    }
  },
  "rewards": {
    "function": "dlc:primal_journey/ossein/switch"
  }
}
