[
  {
      "function":"set_nbt",
      "tag":"{weapon_attributes:'{\"parent\":\"minecraft:avrad_none\"}',CustomModelData:15,AttributeModifiers:[]}"
  },
  {
    "function": "set_attributes",
    "conditions":[
      {
        "condition":"entity_properties",
        "entity":"this",
        "predicate": {
            "equipment": {
                "mainhand": {
                    "nbt":"{SpeedEnch:1b}"
                }
            }
        }
      }
    ],
    "modifiers": [
        {
            "name":"generic.movement_speed",
            "attribute":"generic.movement_speed",
            "operation":"addition",
            "amount":0.01,
            "slot":"mainhand"
        }
    ]
  },

  {
    "function": "set_attributes",
    "conditions":[
      {
          "condition":"inverted",
          "term": {
              "condition":"entity_properties",
              "entity":"this",
              "predicate": {
                  "equipment": {
                      "mainhand": {
                          "nbt":"{VitalityEnch:1b}"
                      }
                  }
              }
          }
      }
    ],
    "modifiers": [
        {
            "name":"generic.max_health",
            "attribute":"generic.max_health",
            "operation":"addition",
            "amount":0,
            "slot":"mainhand"
        }
    ]
  },
  {
    "function": "set_attributes",
    "conditions":[
      {
        "condition":"entity_properties",
        "entity":"this",
        "predicate": {
            "equipment": {
                "mainhand": {
                    "nbt":"{VitalityEnch:1b}"
                }
            }
        }
      }
    ],
    "modifiers": [
        {
            "name":"generic.max_health",
            "attribute":"generic.max_health",
            "operation":"addition",
            "amount":4,
            "slot":"mainhand"
        }
    ]
  },
  {
    "function": "set_attributes",
    "modifiers": [
        {
            "name":"generic.attack_speed",
            "attribute":"generic.attack_speed",
            "operation":"addition",
            "amount":0,
            "slot":"mainhand"
        },
        {
          "name":"generic.attack_damage",
          "attribute":"generic.attack_damage",
          "operation":"addition",
          "amount":0,
          "slot":"mainhand"
        },
        {
          "name":"generic.movement_speed",
          "attribute":"generic.movement_speed",
          "operation":"addition",
          "amount":-0.065,
          "slot":"mainhand"
        }
    ]
  }
]
