{
  "attributes": {
    "attack_range": 3.5,
    "pose": "bettercombat:pose_two_handed_sword",
    "two_handed": false,
    "category": "sword",
    "attacks": [
      {
        "hitbox": "HORIZONTAL_PLANE",
        "damage_multiplier": 1,
        "angle": 120,
        "upswing": 0.5,
        "animation": "bettercombat:two_handed_slash_horizontal_right",
        "swing_sound": {
          "id": "bettercombat:sword_slash",
          "pitch": 0,
          "volume": 7
        }
      },
      {
        "hitbox": "HORIZONTAL_PLANE",
        "damage_multiplier": 1,
        "angle": 120,
        "upswing": 5,
        "animation": "bettercombat:two_handed_slash_horizontal_left",
        "swing_sound": {
          "id": "bettercombat:sword_slash",
          "pitch": 0.5,
          "volume": 7
        }
      }
    ]
  }
}