{
  "criteria": {
    "requirement": {
      "trigger": "minecraft:location",
      "conditions": {
        "player": [
          {
            "condition": "minecraft:reference",
            "name": "players:is_not_dev"
          },
          {
            "condition": "minecraft:location_check",
            "predicate": {
              "position": {
                "x": {
                  "min": 1825,
                  "max": 1843
                },
                "y": {
                  "min": 39,
                  "max": 77
                },
                "z": {
                  "min": -4352,
                  "max": -4336
                }
              },
              "dimension": "minecraft:overworld"
            }
          }
        ]
      }
    }
  },
  "rewards": {
    "function": "players:misc/in_yav"
  }
}
