{
  "criteria": {
    "requirement": {
      "trigger": "minecraft:location",
      "conditions": {
        "player": [
          {
            "condition": "minecraft:reference",
            "name": "players:is_not_dev"
          },
          {
            "condition": "minecraft:location_check",
            "predicate": {
              "position": {
                "x": {
                  "min": 26933,
                  "max": 26951
                },
                "y": {
                  "min": 89,
                  "max": 127
                },
                "z": {
                  "min": -575,
                  "max": -554
                }
              },
              "dimension": "minecraft:overworld"
            }
          }
        ]
      }
    }
  },
  "rewards": {
    "function": "players:misc/out_yav"
  }
}
