{
  "criteria": {
    "minecraft:blaze": {
      "trigger": "minecraft:player_killed_entity",
      "conditions": {
        "entity": [
          {
            "condition": "minecraft:entity_properties",
            "predicate": {
              "type": "minecraft:blaze"
            },
            "entity": "this"
          }
        ]
      }
    },
    "minecraft:cave_spider": {
      "trigger": "minecraft:player_killed_entity",
      "conditions": {
        "entity": [
          {
            "condition": "minecraft:entity_properties",
            "predicate": {
              "type": "minecraft:cave_spider"
            },
            "entity": "this"
          }
        ]
      }
    },
    "minecraft:creeper": {
      "trigger": "minecraft:player_killed_entity",
      "conditions": {
        "entity": [
          {
            "condition": "minecraft:entity_properties",
            "predicate": {
              "type": "minecraft:creeper"
            },
            "entity": "this"
          }
        ]
      }
    },
    "minecraft:drowned": {
      "trigger": "minecraft:player_killed_entity",
      "conditions": {
        "entity": [
          {
            "condition": "minecraft:entity_properties",
            "predicate": {
              "type": "minecraft:drowned"
            },
            "entity": "this"
          }
        ]
      }
    },
    "minecraft:elder_guardian": {
      "trigger": "minecraft:player_killed_entity",
      "conditions": {
        "entity": [
          {
            "condition": "minecraft:entity_properties",
            "predicate": {
              "type": "minecraft:elder_guardian"
            },
            "entity": "this"
          }
        ]
      }
    },
    "minecraft:ender_dragon": {
      "trigger": "minecraft:player_killed_entity",
      "conditions": {
        "entity": [
          {
            "condition": "minecraft:entity_properties",
            "predicate": {
              "type": "minecraft:ender_dragon"
            },
            "entity": "this"
          }
        ]
      }
    },
    "minecraft:enderman": {
      "trigger": "minecraft:player_killed_entity",
      "conditions": {
        "entity": [
          {
            "condition": "minecraft:entity_properties",
            "predicate": {
              "type": "minecraft:enderman"
            },
            "entity": "this"
          }
        ]
      }
    },
    "minecraft:endermite": {
      "trigger": "minecraft:player_killed_entity",
      "conditions": {
        "entity": [
          {
            "condition": "minecraft:entity_properties",
            "predicate": {
              "type": "minecraft:endermite"
            },
            "entity": "this"
          }
        ]
      }
    },
    "minecraft:evoker": {
      "trigger": "minecraft:player_killed_entity",
      "conditions": {
        "entity": [
          {
            "condition": "minecraft:entity_properties",
            "predicate": {
              "type": "minecraft:evoker"
            },
            "entity": "this"
          }
        ]
      }
    },
    "minecraft:ghast": {
      "trigger": "minecraft:player_killed_entity",
      "conditions": {
        "entity": [
          {
            "condition": "minecraft:entity_properties",
            "predicate": {
              "type": "minecraft:ghast"
            },
            "entity": "this"
          }
        ]
      }
    },
    "minecraft:guardian": {
      "trigger": "minecraft:player_killed_entity",
      "conditions": {
        "entity": [
          {
            "condition": "minecraft:entity_properties",
            "predicate": {
              "type": "minecraft:guardian"
            },
            "entity": "this"
          }
        ]
      }
    },
    "minecraft:hoglin": {
      "trigger": "minecraft:player_killed_entity",
      "conditions": {
        "entity": [
          {
            "condition": "minecraft:entity_properties",
            "predicate": {
              "type": "minecraft:hoglin"
            },
            "entity": "this"
          }
        ]
      }
    },
    "minecraft:husk": {
      "trigger": "minecraft:player_killed_entity",
      "conditions": {
        "entity": [
          {
            "condition": "minecraft:entity_properties",
            "predicate": {
              "type": "minecraft:husk"
            },
            "entity": "this"
          }
        ]
      }
    },
    "minecraft:magma_cube": {
      "trigger": "minecraft:player_killed_entity",
      "conditions": {
        "entity": [
          {
            "condition": "minecraft:entity_properties",
            "predicate": {
              "type": "minecraft:magma_cube"
            },
            "entity": "this"
          }
        ]
      }
    },
    "minecraft:phantom": {
      "trigger": "minecraft:player_killed_entity",
      "conditions": {
        "entity": [
          {
            "condition": "minecraft:entity_properties",
            "predicate": {
              "type": "minecraft:phantom"
            },
            "entity": "this"
          }
        ]
      }
    },
    "minecraft:piglin": {
      "trigger": "minecraft:player_killed_entity",
      "conditions": {
        "entity": [
          {
            "condition": "minecraft:entity_properties",
            "predicate": {
              "type": "minecraft:piglin"
            },
            "entity": "this"
          }
        ]
      }
    },
    "minecraft:piglin_brute": {
      "trigger": "minecraft:player_killed_entity",
      "conditions": {
        "entity": [
          {
            "condition": "minecraft:entity_properties",
            "predicate": {
              "type": "minecraft:piglin_brute"
            },
            "entity": "this"
          }
        ]
      }
    },
    "minecraft:pillager": {
      "trigger": "minecraft:player_killed_entity",
      "conditions": {
        "entity": [
          {
            "condition": "minecraft:entity_properties",
            "predicate": {
              "type": "minecraft:pillager"
            },
            "entity": "this"
          }
        ]
      }
    },
    "minecraft:ravager": {
      "trigger": "minecraft:player_killed_entity",
      "conditions": {
        "entity": [
          {
            "condition": "minecraft:entity_properties",
            "predicate": {
              "type": "minecraft:ravager"
            },
            "entity": "this"
          }
        ]
      }
    },
    "minecraft:shulker": {
      "trigger": "minecraft:player_killed_entity",
      "conditions": {
        "entity": [
          {
            "condition": "minecraft:entity_properties",
            "predicate": {
              "type": "minecraft:shulker"
            },
            "entity": "this"
          }
        ]
      }
    },
    "minecraft:silverfish": {
      "trigger": "minecraft:player_killed_entity",
      "conditions": {
        "entity": [
          {
            "condition": "minecraft:entity_properties",
            "predicate": {
              "type": "minecraft:silverfish"
            },
            "entity": "this"
          }
        ]
      }
    },
    "minecraft:skeleton": {
      "trigger": "minecraft:player_killed_entity",
      "conditions": {
        "entity": [
          {
            "condition": "minecraft:entity_properties",
            "predicate": {
              "type": "minecraft:skeleton"
            },
            "entity": "this"
          }
        ]
      }
    },
    "minecraft:slime": {
      "trigger": "minecraft:player_killed_entity",
      "conditions": {
        "entity": [
          {
            "condition": "minecraft:entity_properties",
            "predicate": {
              "type": "minecraft:slime"
            },
            "entity": "this"
          }
        ]
      }
    },
    "minecraft:spider": {
      "trigger": "minecraft:player_killed_entity",
      "conditions": {
        "entity": [
          {
            "condition": "minecraft:entity_properties",
            "predicate": {
              "type": "minecraft:spider"
            },
            "entity": "this"
          }
        ]
      }
    },
    "minecraft:stray": {
      "trigger": "minecraft:player_killed_entity",
      "conditions": {
        "entity": [
          {
            "condition": "minecraft:entity_properties",
            "predicate": {
              "type": "minecraft:stray"
            },
            "entity": "this"
          }
        ]
      }
    },
    "minecraft:vex": {
      "trigger": "minecraft:player_killed_entity",
      "conditions": {
        "entity": [
          {
            "condition": "minecraft:entity_properties",
            "predicate": {
              "type": "minecraft:vex"
            },
            "entity": "this"
          }
        ]
      }
    },
    "minecraft:vindicator": {
      "trigger": "minecraft:player_killed_entity",
      "conditions": {
        "entity": [
          {
            "condition": "minecraft:entity_properties",
            "predicate": {
              "type": "minecraft:vindicator"
            },
            "entity": "this"
          }
        ]
      }
    },
    "minecraft:witch": {
      "trigger": "minecraft:player_killed_entity",
      "conditions": {
        "entity": [
          {
            "condition": "minecraft:entity_properties",
            "predicate": {
              "type": "minecraft:witch"
            },
            "entity": "this"
          }
        ]
      }
    },
    "minecraft:wither_skeleton": {
      "trigger": "minecraft:player_killed_entity",
      "conditions": {
        "entity": [
          {
            "condition": "minecraft:entity_properties",
            "predicate": {
              "type": "minecraft:wither_skeleton"
            },
            "entity": "this"
          }
        ]
      }
    },
    "minecraft:wither": {
      "trigger": "minecraft:player_killed_entity",
      "conditions": {
        "entity": [
          {
            "condition": "minecraft:entity_properties",
            "predicate": {
              "type": "minecraft:wither"
            },
            "entity": "this"
          }
        ]
      }
    },
    "minecraft:zoglin": {
      "trigger": "minecraft:player_killed_entity",
      "conditions": {
        "entity": [
          {
            "condition": "minecraft:entity_properties",
            "predicate": {
              "type": "minecraft:zoglin"
            },
            "entity": "this"
          }
        ]
      }
    },
    "minecraft:zombie_villager": {
      "trigger": "minecraft:player_killed_entity",
      "conditions": {
        "entity": [
          {
            "condition": "minecraft:entity_properties",
            "predicate": {
              "type": "minecraft:zombie_villager"
            },
            "entity": "this"
          }
        ]
      }
    },
    "minecraft:zombie": {
      "trigger": "minecraft:player_killed_entity",
      "conditions": {
        "entity": [
          {
            "condition": "minecraft:entity_properties",
            "predicate": {
              "type": "minecraft:zombie"
            },
            "entity": "this"
          }
        ]
      }
    },
    "minecraft:zombified_piglin": {
      "trigger": "minecraft:player_killed_entity",
      "conditions": {
        "entity": [
          {
            "condition": "minecraft:entity_properties",
            "predicate": {
              "type": "minecraft:zombified_piglin"
            },
            "entity": "this"
          }
        ]
      }
    },
    "minecraft:axolotl": {
      "trigger": "minecraft:player_killed_entity",
      "conditions": {
        "entity": [
          {
            "condition": "minecraft:entity_properties",
            "predicate": {
              "type": "minecraft:axolotl"
            },
            "entity": "this"
          }
        ]
      }
    },
    "minecraft:bat": {
      "trigger": "minecraft:player_killed_entity",
      "conditions": {
        "entity": [
          {
            "condition": "minecraft:entity_properties",
            "predicate": {
              "type": "minecraft:bat"
            },
            "entity": "this"
          }
        ]
      }
    },
    "minecraft:bee": {
      "trigger": "minecraft:player_killed_entity",
      "conditions": {
        "entity": [
          {
            "condition": "minecraft:entity_properties",
            "predicate": {
              "type": "minecraft:bee"
            },
            "entity": "this"
          }
        ]
      }
    },
    "minecraft:cat": {
      "trigger": "minecraft:player_killed_entity",
      "conditions": {
        "entity": [
          {
            "condition": "minecraft:entity_properties",
            "predicate": {
              "type": "minecraft:cat"
            },
            "entity": "this"
          }
        ]
      }
    },
    "minecraft:chicken": {
      "trigger": "minecraft:player_killed_entity",
      "conditions": {
        "entity": [
          {
            "condition": "minecraft:entity_properties",
            "predicate": {
              "type": "minecraft:chicken"
            },
            "entity": "this"
          }
        ]
      }
    },
    "minecraft:cod": {
      "trigger": "minecraft:player_killed_entity",
      "conditions": {
        "entity": [
          {
            "condition": "minecraft:entity_properties",
            "predicate": {
              "type": "minecraft:cod"
            },
            "entity": "this"
          }
        ]
      }
    },
    "minecraft:cow": {
      "trigger": "minecraft:player_killed_entity",
      "conditions": {
        "entity": [
          {
            "condition": "minecraft:entity_properties",
            "predicate": {
              "type": "minecraft:cow"
            },
            "entity": "this"
          }
        ]
      }
    },
    "minecraft:dolphin": {
      "trigger": "minecraft:player_killed_entity",
      "conditions": {
        "entity": [
          {
            "condition": "minecraft:entity_properties",
            "predicate": {
              "type": "minecraft:dolphin"
            },
            "entity": "this"
          }
        ]
      }
    },
    "minecraft:donkey": {
      "trigger": "minecraft:player_killed_entity",
      "conditions": {
        "entity": [
          {
            "condition": "minecraft:entity_properties",
            "predicate": {
              "type": "minecraft:donkey"
            },
            "entity": "this"
          }
        ]
      }
    },
    "minecraft:fox": {
      "trigger": "minecraft:player_killed_entity",
      "conditions": {
        "entity": [
          {
            "condition": "minecraft:entity_properties",
            "predicate": {
              "type": "minecraft:fox"
            },
            "entity": "this"
          }
        ]
      }
    },
    "minecraft:glow_squid": {
      "trigger": "minecraft:player_killed_entity",
      "conditions": {
        "entity": [
          {
            "condition": "minecraft:entity_properties",
            "predicate": {
              "type": "minecraft:glow_squid"
            },
            "entity": "this"
          }
        ]
      }
    },
    "minecraft:goat": {
      "trigger": "minecraft:player_killed_entity",
      "conditions": {
        "entity": [
          {
            "condition": "minecraft:entity_properties",
            "predicate": {
              "type": "minecraft:goat"
            },
            "entity": "this"
          }
        ]
      }
    },
    "minecraft:horse": {
      "trigger": "minecraft:player_killed_entity",
      "conditions": {
        "entity": [
          {
            "condition": "minecraft:entity_properties",
            "predicate": {
              "type": "minecraft:horse"
            },
            "entity": "this"
          }
        ]
      }
    },
    "minecraft:llama": {
      "trigger": "minecraft:player_killed_entity",
      "conditions": {
        "entity": [
          {
            "condition": "minecraft:entity_properties",
            "predicate": {
              "type": "minecraft:llama"
            },
            "entity": "this"
          }
        ]
      }
    },
    "minecraft:mooshroom": {
      "trigger": "minecraft:player_killed_entity",
      "conditions": {
        "entity": [
          {
            "condition": "minecraft:entity_properties",
            "predicate": {
              "type": "minecraft:mooshroom"
            },
            "entity": "this"
          }
        ]
      }
    },
    "minecraft:mule": {
      "trigger": "minecraft:player_killed_entity",
      "conditions": {
        "entity": [
          {
            "condition": "minecraft:entity_properties",
            "predicate": {
              "type": "minecraft:mule"
            },
            "entity": "this"
          }
        ]
      }
    },
    "minecraft:ocelot": {
      "trigger": "minecraft:player_killed_entity",
      "conditions": {
        "entity": [
          {
            "condition": "minecraft:entity_properties",
            "predicate": {
              "type": "minecraft:ocelot"
            },
            "entity": "this"
          }
        ]
      }
    },
    "minecraft:panda": {
      "trigger": "minecraft:player_killed_entity",
      "conditions": {
        "entity": [
          {
            "condition": "minecraft:entity_properties",
            "predicate": {
              "type": "minecraft:panda"
            },
            "entity": "this"
          }
        ]
      }
    },
    "minecraft:parrot": {
      "trigger": "minecraft:player_killed_entity",
      "conditions": {
        "entity": [
          {
            "condition": "minecraft:entity_properties",
            "predicate": {
              "type": "minecraft:parrot"
            },
            "entity": "this"
          }
        ]
      }
    },
    "minecraft:pig": {
      "trigger": "minecraft:player_killed_entity",
      "conditions": {
        "entity": [
          {
            "condition": "minecraft:entity_properties",
            "predicate": {
              "type": "minecraft:pig"
            },
            "entity": "this"
          }
        ]
      }
    },
    "minecraft:polar_bear": {
      "trigger": "minecraft:player_killed_entity",
      "conditions": {
        "entity": [
          {
            "condition": "minecraft:entity_properties",
            "predicate": {
              "type": "minecraft:polar_bear"
            },
            "entity": "this"
          }
        ]
      }
    },
    "minecraft:pufferfish": {
      "trigger": "minecraft:player_killed_entity",
      "conditions": {
        "entity": [
          {
            "condition": "minecraft:entity_properties",
            "predicate": {
              "type": "minecraft:pufferfish"
            },
            "entity": "this"
          }
        ]
      }
    },
    "minecraft:rabbit": {
      "trigger": "minecraft:player_killed_entity",
      "conditions": {
        "entity": [
          {
            "condition": "minecraft:entity_properties",
            "predicate": {
              "type": "minecraft:rabbit"
            },
            "entity": "this"
          }
        ]
      }
    },
    "minecraft:salmon": {
      "trigger": "minecraft:player_killed_entity",
      "conditions": {
        "entity": [
          {
            "condition": "minecraft:entity_properties",
            "predicate": {
              "type": "minecraft:salmon"
            },
            "entity": "this"
          }
        ]
      }
    },
    "minecraft:sheep": {
      "trigger": "minecraft:player_killed_entity",
      "conditions": {
        "entity": [
          {
            "condition": "minecraft:entity_properties",
            "predicate": {
              "type": "minecraft:sheep"
            },
            "entity": "this"
          }
        ]
      }
    },
    "minecraft:squid": {
      "trigger": "minecraft:player_killed_entity",
      "conditions": {
        "entity": [
          {
            "condition": "minecraft:entity_properties",
            "predicate": {
              "type": "minecraft:squid"
            },
            "entity": "this"
          }
        ]
      }
    },
    "minecraft:trader_llama": {
      "trigger": "minecraft:player_killed_entity",
      "conditions": {
        "entity": [
          {
            "condition": "minecraft:entity_properties",
            "predicate": {
              "type": "minecraft:trader_llama"
            },
            "entity": "this"
          }
        ]
      }
    },
    "minecraft:tropical_fish": {
      "trigger": "minecraft:player_killed_entity",
      "conditions": {
        "entity": [
          {
            "condition": "minecraft:entity_properties",
            "predicate": {
              "type": "minecraft:tropical_fish"
            },
            "entity": "this"
          }
        ]
      }
    },
    "minecraft:turtle": {
      "trigger": "minecraft:player_killed_entity",
      "conditions": {
        "entity": [
          {
            "condition": "minecraft:entity_properties",
            "predicate": {
              "type": "minecraft:turtle"
            },
            "entity": "this"
          }
        ]
      }
    },
    "minecraft:villager": {
      "trigger": "minecraft:player_killed_entity",
      "conditions": {
        "entity": [
          {
            "condition": "minecraft:entity_properties",
            "predicate": {
              "type": "minecraft:villager"
            },
            "entity": "this"
          }
        ]
      }
    },
    "minecraft:wandering_trader": {
      "trigger": "minecraft:player_killed_entity",
      "conditions": {
        "entity": [
          {
            "condition": "minecraft:entity_properties",
            "predicate": {
              "type": "minecraft:wandering_trader"
            },
            "entity": "this"
          }
        ]
      }
    },
    "minecraft:wolf": {
      "trigger": "minecraft:player_killed_entity",
      "conditions": {
        "entity": [
          {
            "condition": "minecraft:entity_properties",
            "predicate": {
              "type": "minecraft:wolf"
            },
            "entity": "this"
          }
        ]
      }
    },
    "minecraft:iron_golem": {
      "trigger": "minecraft:player_killed_entity",
      "conditions": {
        "entity": [
          {
            "condition": "minecraft:entity_properties",
            "predicate": {
              "type": "minecraft:iron_golem"
            },
            "entity": "this"
          }
        ]
      }
    }
  },
  "requirements": [
    [
      "minecraft:blaze",
      "minecraft:cave_spider",
      "minecraft:creeper",
      "minecraft:drowned",
      "minecraft:elder_guardian",
      "minecraft:ender_dragon",
      "minecraft:enderman",
      "minecraft:endermite",
      "minecraft:evoker",
      "minecraft:ghast",
      "minecraft:guardian",
      "minecraft:hoglin",
      "minecraft:husk",
      "minecraft:magma_cube",
      "minecraft:phantom",
      "minecraft:piglin",
      "minecraft:piglin_brute",
      "minecraft:pillager",
      "minecraft:ravager",
      "minecraft:shulker",
      "minecraft:silverfish",
      "minecraft:skeleton",
      "minecraft:slime",
      "minecraft:spider",
      "minecraft:stray",
      "minecraft:vex",
      "minecraft:vindicator",
      "minecraft:witch",
      "minecraft:wither_skeleton",
      "minecraft:wither",
      "minecraft:zoglin",
      "minecraft:zombie_villager",
      "minecraft:zombie",
      "minecraft:zombified_piglin",
      "minecraft:axolotl",
      "minecraft:bat",
      "minecraft:bee",
      "minecraft:cat",
      "minecraft:chicken",
      "minecraft:cod",
      "minecraft:cow",
      "minecraft:dolphin",
      "minecraft:donkey",
      "minecraft:fox",
      "minecraft:glow_squid",
      "minecraft:goat",
      "minecraft:horse",
      "minecraft:llama",
      "minecraft:mooshroom",
      "minecraft:mule",
      "minecraft:ocelot",
      "minecraft:panda",
      "minecraft:parrot",
      "minecraft:pig",
      "minecraft:polar_bear",
      "minecraft:pufferfish",
      "minecraft:rabbit",
      "minecraft:salmon",
      "minecraft:sheep",
      "minecraft:squid",
      "minecraft:trader_llama",
      "minecraft:tropical_fish",
      "minecraft:turtle",
      "minecraft:villager",
      "minecraft:wandering_trader",
      "minecraft:wolf",
      "minecraft:iron_golem"
    ]
  ],
  "rewards": {
    "function": "players:kill_entity"
  }
}
