{
  "criteria": {
    "": {
      "trigger": "minecraft:item_used_on_block",
      "conditions": {
        "player": [
          {
            "condition": "minecraft:entity_properties",
            "entity": "this",
            "predicate": {
              "equipment": {
                "mainhand": {
                  "tag": "core:lights_fire"
                }
              }
            }
          }
        ],
        "location": [
          {
            "condition": "minecraft:location_check",
            "predicate": {
              "block": {
                "blocks": [
                  "minecraft:obsidian"
                ]
              }
            }
          }
        ]
      }
    }
  },
  "rewards": {
    "function": "players:misc/portal/check"
  }
}
