{
    "criteria": {
      "requirement": {
        "trigger": "minecraft:player_interacted_with_entity",
        "conditions": {
          "player": [
            {
              "condition": "minecraft:entity_properties",
              "entity": "this",
              "predicate": {
                "equipment": {
                  "mainhand": {
                    "items": [
                      "minecraft:warped_fungus_on_a_stick"
                    ],
                    "nbt": "{inertMythbreaker:1b}"
                  }
                }
              }
            },
            {
              "condition": "minecraft:inverted",
              "term": {
                "condition": "minecraft:entity_properties",
                "entity": "this",
                "predicate": {
                  "equipment": {
                    "mainhand": {
                      "items": [
                        "minecraft:air"
                      ]
                    }
                  }
                }
              }
            }
          ],
          "entity": {
            "type": "minecraft:villager",
            "nbt": "{Tags:[\"c_mb_place\"]}"
          }
        }
      }
    },
    "rewards": {
      "function": "players:misc/mb_place"
    }
  }
  