{
    "criteria": {
      "requirement": {
        "trigger": "minecraft:inventory_changed",
        "conditions": {
          "items": [
            {
              "items": [
                "minecraft:netherite_axe",
                "minecraft:netherite_boots",
                "minecraft:netherite_chestplate",
                "minecraft:netherite_helmet",
                "minecraft:netherite_hoe",
                "minecraft:netherite_leggings",
                "minecraft:netherite_pickaxe",
                "minecraft:netherite_shovel",
                "minecraft:netherite_sword"
              ],
              "nbt": "{no_upgrade:1b}"
            }
          ]
        }
      }
    },
    "rewards": {
      "function": "players:misc/no_upgrade/reward"
    }
  }
  