{
  "criteria": {
    "0": {
      "trigger": "minecraft:player_hurt_entity",
      "conditions": {
        "player": [
          {
            "condition": "minecraft:reference",
            "name": "players:holding/scars"
          }
        ],
        "damage": {
          "dealt": {
            "min": 0,
            "max": 0.9999999
          }
        },
        "entity": [
          {
            "condition": "minecraft:entity_properties",
            "entity": "this",
            "predicate": {
              "nbt": "{Health:0.0f}"
            }
          }
        ]
      }
    },
    "1": {
      "trigger": "minecraft:player_hurt_entity",
      "conditions": {
        "player": [
          {
            "condition": "minecraft:reference",
            "name": "players:holding/scars"
          }
        ],
        "damage": {
          "dealt": {
            "min": 1,
            "max": 1.9999999
          }
        },
        "entity": [
          {
            "condition": "minecraft:entity_properties",
            "entity": "this",
            "predicate": {
              "nbt": "{Health:0.0f}"
            }
          }
        ]
      }
    },
    "2": {
      "trigger": "minecraft:player_hurt_entity",
      "conditions": {
        "player": [
          {
            "condition": "minecraft:reference",
            "name": "players:holding/scars"
          }
        ],
        "damage": {
          "dealt": {
            "min": 2,
            "max": 2.9999999
          }
        },
        "entity": [
          {
            "condition": "minecraft:entity_properties",
            "entity": "this",
            "predicate": {
              "nbt": "{Health:0.0f}"
            }
          }
        ]
      }
    },
    "3": {
      "trigger": "minecraft:player_hurt_entity",
      "conditions": {
        "player": [
          {
            "condition": "minecraft:reference",
            "name": "players:holding/scars"
          }
        ],
        "damage": {
          "dealt": {
            "min": 3,
            "max": 3.9999999
          }
        },
        "entity": [
          {
            "condition": "minecraft:entity_properties",
            "entity": "this",
            "predicate": {
              "nbt": "{Health:0.0f}"
            }
          }
        ]
      }
    },
    "4": {
      "trigger": "minecraft:player_hurt_entity",
      "conditions": {
        "player": [
          {
            "condition": "minecraft:reference",
            "name": "players:holding/scars"
          }
        ],
        "damage": {
          "dealt": {
            "min": 4,
            "max": 4.9999999
          }
        },
        "entity": [
          {
            "condition": "minecraft:entity_properties",
            "entity": "this",
            "predicate": {
              "nbt": "{Health:0.0f}"
            }
          }
        ]
      }
    },
    "5": {
      "trigger": "minecraft:player_hurt_entity",
      "conditions": {
        "player": [
          {
            "condition": "minecraft:reference",
            "name": "players:holding/scars"
          }
        ],
        "damage": {
          "dealt": {
            "min": 5,
            "max": 5.9999999
          }
        },
        "entity": [
          {
            "condition": "minecraft:entity_properties",
            "entity": "this",
            "predicate": {
              "nbt": "{Health:0.0f}"
            }
          }
        ]
      }
    },
    "6": {
      "trigger": "minecraft:player_hurt_entity",
      "conditions": {
        "player": [
          {
            "condition": "minecraft:reference",
            "name": "players:holding/scars"
          }
        ],
        "damage": {
          "dealt": {
            "min": 6,
            "max": 6.9999999
          }
        },
        "entity": [
          {
            "condition": "minecraft:entity_properties",
            "entity": "this",
            "predicate": {
              "nbt": "{Health:0.0f}"
            }
          }
        ]
      }
    },
    "7": {
      "trigger": "minecraft:player_hurt_entity",
      "conditions": {
        "player": [
          {
            "condition": "minecraft:reference",
            "name": "players:holding/scars"
          }
        ],
        "damage": {
          "dealt": {
            "min": 7,
            "max": 7.9999999
          }
        },
        "entity": [
          {
            "condition": "minecraft:entity_properties",
            "entity": "this",
            "predicate": {
              "nbt": "{Health:0.0f}"
            }
          }
        ]
      }
    },
    "8": {
      "trigger": "minecraft:player_hurt_entity",
      "conditions": {
        "player": [
          {
            "condition": "minecraft:reference",
            "name": "players:holding/scars"
          }
        ],
        "damage": {
          "dealt": {
            "min": 8,
            "max": 8.9999999
          }
        },
        "entity": [
          {
            "condition": "minecraft:entity_properties",
            "entity": "this",
            "predicate": {
              "nbt": "{Health:0.0f}"
            }
          }
        ]
      }
    },
    "9": {
      "trigger": "minecraft:player_hurt_entity",
      "conditions": {
        "player": [
          {
            "condition": "minecraft:reference",
            "name": "players:holding/scars"
          }
        ],
        "damage": {
          "dealt": {
            "min": 9,
            "max": 9.9999999
          }
        },
        "entity": [
          {
            "condition": "minecraft:entity_properties",
            "entity": "this",
            "predicate": {
              "nbt": "{Health:0.0f}"
            }
          }
        ]
      }
    },
    "10": {
      "trigger": "minecraft:player_hurt_entity",
      "conditions": {
        "player": [
          {
            "condition": "minecraft:reference",
            "name": "players:holding/scars"
          }
        ],
        "damage": {
          "dealt": {
            "min": 10,
            "max": 10.9999999
          }
        },
        "entity": [
          {
            "condition": "minecraft:entity_properties",
            "entity": "this",
            "predicate": {
              "nbt": "{Health:0.0f}"
            }
          }
        ]
      }
    },
    "11": {
      "trigger": "minecraft:player_hurt_entity",
      "conditions": {
        "player": [
          {
            "condition": "minecraft:reference",
            "name": "players:holding/scars"
          }
        ],
        "damage": {
          "dealt": {
            "min": 11,
            "max": 11.9999999
          }
        },
        "entity": [
          {
            "condition": "minecraft:entity_properties",
            "entity": "this",
            "predicate": {
              "nbt": "{Health:0.0f}"
            }
          }
        ]
      }
    },
    "12": {
      "trigger": "minecraft:player_hurt_entity",
      "conditions": {
        "player": [
          {
            "condition": "minecraft:reference",
            "name": "players:holding/scars"
          }
        ],
        "damage": {
          "dealt": {
            "min": 12,
            "max": 12.9999999
          }
        },
        "entity": [
          {
            "condition": "minecraft:entity_properties",
            "entity": "this",
            "predicate": {
              "nbt": "{Health:0.0f}"
            }
          }
        ]
      }
    },
    "13": {
      "trigger": "minecraft:player_hurt_entity",
      "conditions": {
        "player": [
          {
            "condition": "minecraft:reference",
            "name": "players:holding/scars"
          }
        ],
        "damage": {
          "dealt": {
            "min": 13,
            "max": 13.9999999
          }
        },
        "entity": [
          {
            "condition": "minecraft:entity_properties",
            "entity": "this",
            "predicate": {
              "nbt": "{Health:0.0f}"
            }
          }
        ]
      }
    },
    "14": {
      "trigger": "minecraft:player_hurt_entity",
      "conditions": {
        "player": [
          {
            "condition": "minecraft:reference",
            "name": "players:holding/scars"
          }
        ],
        "damage": {
          "dealt": {
            "min": 14,
            "max": 14.9999999
          }
        },
        "entity": [
          {
            "condition": "minecraft:entity_properties",
            "entity": "this",
            "predicate": {
              "nbt": "{Health:0.0f}"
            }
          }
        ]
      }
    },
    "15": {
      "trigger": "minecraft:player_hurt_entity",
      "conditions": {
        "player": [
          {
            "condition": "minecraft:reference",
            "name": "players:holding/scars"
          }
        ],
        "damage": {
          "dealt": {
            "min": 15,
            "max": 15.9999999
          }
        },
        "entity": [
          {
            "condition": "minecraft:entity_properties",
            "entity": "this",
            "predicate": {
              "nbt": "{Health:0.0f}"
            }
          }
        ]
      }
    },
    "16": {
      "trigger": "minecraft:player_hurt_entity",
      "conditions": {
        "player": [
          {
            "condition": "minecraft:reference",
            "name": "players:holding/scars"
          }
        ],
        "damage": {
          "dealt": {
            "min": 16,
            "max": 16.9999999
          }
        },
        "entity": [
          {
            "condition": "minecraft:entity_properties",
            "entity": "this",
            "predicate": {
              "nbt": "{Health:0.0f}"
            }
          }
        ]
      }
    },
    "17": {
      "trigger": "minecraft:player_hurt_entity",
      "conditions": {
        "player": [
          {
            "condition": "minecraft:reference",
            "name": "players:holding/scars"
          }
        ],
        "damage": {
          "dealt": {
            "min": 17,
            "max": 17.9999999
          }
        },
        "entity": [
          {
            "condition": "minecraft:entity_properties",
            "entity": "this",
            "predicate": {
              "nbt": "{Health:0.0f}"
            }
          }
        ]
      }
    },
    "18": {
      "trigger": "minecraft:player_hurt_entity",
      "conditions": {
        "player": [
          {
            "condition": "minecraft:reference",
            "name": "players:holding/scars"
          }
        ],
        "damage": {
          "dealt": {
            "min": 18,
            "max": 18.9999999
          }
        },
        "entity": [
          {
            "condition": "minecraft:entity_properties",
            "entity": "this",
            "predicate": {
              "nbt": "{Health:0.0f}"
            }
          }
        ]
      }
    },
    "19": {
      "trigger": "minecraft:player_hurt_entity",
      "conditions": {
        "player": [
          {
            "condition": "minecraft:reference",
            "name": "players:holding/scars"
          }
        ],
        "damage": {
          "dealt": {
            "min": 19,
            "max": 19.9999999
          }
        },
        "entity": [
          {
            "condition": "minecraft:entity_properties",
            "entity": "this",
            "predicate": {
              "nbt": "{Health:0.0f}"
            }
          }
        ]
      }
    },
    "20": {
      "trigger": "minecraft:player_hurt_entity",
      "conditions": {
        "player": [
          {
            "condition": "minecraft:reference",
            "name": "players:holding/scars"
          }
        ],
        "damage": {
          "dealt": {
            "min": 20,
            "max": 20.9999999
          }
        },
        "entity": [
          {
            "condition": "minecraft:entity_properties",
            "entity": "this",
            "predicate": {
              "nbt": "{Health:0.0f}"
            }
          }
        ]
      }
    },
    "21": {
      "trigger": "minecraft:player_hurt_entity",
      "conditions": {
        "player": [
          {
            "condition": "minecraft:reference",
            "name": "players:holding/scars"
          }
        ],
        "damage": {
          "dealt": {
            "min": 21,
            "max": 21.9999999
          }
        },
        "entity": [
          {
            "condition": "minecraft:entity_properties",
            "entity": "this",
            "predicate": {
              "nbt": "{Health:0.0f}"
            }
          }
        ]
      }
    },
    "22": {
      "trigger": "minecraft:player_hurt_entity",
      "conditions": {
        "player": [
          {
            "condition": "minecraft:reference",
            "name": "players:holding/scars"
          }
        ],
        "damage": {
          "dealt": {
            "min": 22,
            "max": 22.9999999
          }
        },
        "entity": [
          {
            "condition": "minecraft:entity_properties",
            "entity": "this",
            "predicate": {
              "nbt": "{Health:0.0f}"
            }
          }
        ]
      }
    },
    "23": {
      "trigger": "minecraft:player_hurt_entity",
      "conditions": {
        "player": [
          {
            "condition": "minecraft:reference",
            "name": "players:holding/scars"
          }
        ],
        "damage": {
          "dealt": {
            "min": 23,
            "max": 23.9999999
          }
        },
        "entity": [
          {
            "condition": "minecraft:entity_properties",
            "entity": "this",
            "predicate": {
              "nbt": "{Health:0.0f}"
            }
          }
        ]
      }
    },
    "24": {
      "trigger": "minecraft:player_hurt_entity",
      "conditions": {
        "player": [
          {
            "condition": "minecraft:reference",
            "name": "players:holding/scars"
          }
        ],
        "damage": {
          "dealt": {
            "min": 24,
            "max": 24.9999999
          }
        },
        "entity": [
          {
            "condition": "minecraft:entity_properties",
            "entity": "this",
            "predicate": {
              "nbt": "{Health:0.0f}"
            }
          }
        ]
      }
    },
    "25": {
      "trigger": "minecraft:player_hurt_entity",
      "conditions": {
        "player": [
          {
            "condition": "minecraft:reference",
            "name": "players:holding/scars"
          }
        ],
        "damage": {
          "dealt": {
            "min": 25,
            "max": 25.9999999
          }
        },
        "entity": [
          {
            "condition": "minecraft:entity_properties",
            "entity": "this",
            "predicate": {
              "nbt": "{Health:0.0f}"
            }
          }
        ]
      }
    },
    "26": {
      "trigger": "minecraft:player_hurt_entity",
      "conditions": {
        "player": [
          {
            "condition": "minecraft:reference",
            "name": "players:holding/scars"
          }
        ],
        "damage": {
          "dealt": {
            "min": 26,
            "max": 26.9999999
          }
        },
        "entity": [
          {
            "condition": "minecraft:entity_properties",
            "entity": "this",
            "predicate": {
              "nbt": "{Health:0.0f}"
            }
          }
        ]
      }
    },
    "27": {
      "trigger": "minecraft:player_hurt_entity",
      "conditions": {
        "player": [
          {
            "condition": "minecraft:reference",
            "name": "players:holding/scars"
          }
        ],
        "damage": {
          "dealt": {
            "min": 27,
            "max": 27.9999999
          }
        },
        "entity": [
          {
            "condition": "minecraft:entity_properties",
            "entity": "this",
            "predicate": {
              "nbt": "{Health:0.0f}"
            }
          }
        ]
      }
    },
    "28": {
      "trigger": "minecraft:player_hurt_entity",
      "conditions": {
        "player": [
          {
            "condition": "minecraft:reference",
            "name": "players:holding/scars"
          }
        ],
        "damage": {
          "dealt": {
            "min": 28,
            "max": 28.9999999
          }
        },
        "entity": [
          {
            "condition": "minecraft:entity_properties",
            "entity": "this",
            "predicate": {
              "nbt": "{Health:0.0f}"
            }
          }
        ]
      }
    },
    "29": {
      "trigger": "minecraft:player_hurt_entity",
      "conditions": {
        "player": [
          {
            "condition": "minecraft:reference",
            "name": "players:holding/scars"
          }
        ],
        "damage": {
          "dealt": {
            "min": 29,
            "max": 29.9999999
          }
        },
        "entity": [
          {
            "condition": "minecraft:entity_properties",
            "entity": "this",
            "predicate": {
              "nbt": "{Health:0.0f}"
            }
          }
        ]
      }
    },
    "30": {
      "trigger": "minecraft:player_hurt_entity",
      "conditions": {
        "player": [
          {
            "condition": "minecraft:reference",
            "name": "players:holding/scars"
          }
        ],
        "damage": {
          "dealt": {
            "min": 30,
            "max": 30.9999999
          }
        },
        "entity": [
          {
            "condition": "minecraft:entity_properties",
            "entity": "this",
            "predicate": {
              "nbt": "{Health:0.0f}"
            }
          }
        ]
      }
    },
    "31": {
      "trigger": "minecraft:player_hurt_entity",
      "conditions": {
        "player": [
          {
            "condition": "minecraft:reference",
            "name": "players:holding/scars"
          }
        ],
        "damage": {
          "dealt": {
            "min": 31,
            "max": 31.9999999
          }
        },
        "entity": [
          {
            "condition": "minecraft:entity_properties",
            "entity": "this",
            "predicate": {
              "nbt": "{Health:0.0f}"
            }
          }
        ]
      }
    },
    "32": {
      "trigger": "minecraft:player_hurt_entity",
      "conditions": {
        "player": [
          {
            "condition": "minecraft:reference",
            "name": "players:holding/scars"
          }
        ],
        "damage": {
          "dealt": {
            "min": 32,
            "max": 32.9999999
          }
        },
        "entity": [
          {
            "condition": "minecraft:entity_properties",
            "entity": "this",
            "predicate": {
              "nbt": "{Health:0.0f}"
            }
          }
        ]
      }
    },
    "33": {
      "trigger": "minecraft:player_hurt_entity",
      "conditions": {
        "player": [
          {
            "condition": "minecraft:reference",
            "name": "players:holding/scars"
          }
        ],
        "damage": {
          "dealt": {
            "min": 33,
            "max": 33.9999999
          }
        },
        "entity": [
          {
            "condition": "minecraft:entity_properties",
            "entity": "this",
            "predicate": {
              "nbt": "{Health:0.0f}"
            }
          }
        ]
      }
    },
    "34": {
      "trigger": "minecraft:player_hurt_entity",
      "conditions": {
        "player": [
          {
            "condition": "minecraft:reference",
            "name": "players:holding/scars"
          }
        ],
        "damage": {
          "dealt": {
            "min": 34,
            "max": 34.9999999
          }
        },
        "entity": [
          {
            "condition": "minecraft:entity_properties",
            "entity": "this",
            "predicate": {
              "nbt": "{Health:0.0f}"
            }
          }
        ]
      }
    },
    "35": {
      "trigger": "minecraft:player_hurt_entity",
      "conditions": {
        "player": [
          {
            "condition": "minecraft:reference",
            "name": "players:holding/scars"
          }
        ],
        "damage": {
          "dealt": {
            "min": 35,
            "max": 35.9999999
          }
        },
        "entity": [
          {
            "condition": "minecraft:entity_properties",
            "entity": "this",
            "predicate": {
              "nbt": "{Health:0.0f}"
            }
          }
        ]
      }
    },
    "36": {
      "trigger": "minecraft:player_hurt_entity",
      "conditions": {
        "player": [
          {
            "condition": "minecraft:reference",
            "name": "players:holding/scars"
          }
        ],
        "damage": {
          "dealt": {
            "min": 36,
            "max": 36.9999999
          }
        },
        "entity": [
          {
            "condition": "minecraft:entity_properties",
            "entity": "this",
            "predicate": {
              "nbt": "{Health:0.0f}"
            }
          }
        ]
      }
    },
    "37": {
      "trigger": "minecraft:player_hurt_entity",
      "conditions": {
        "player": [
          {
            "condition": "minecraft:reference",
            "name": "players:holding/scars"
          }
        ],
        "damage": {
          "dealt": {
            "min": 37,
            "max": 37.9999999
          }
        },
        "entity": [
          {
            "condition": "minecraft:entity_properties",
            "entity": "this",
            "predicate": {
              "nbt": "{Health:0.0f}"
            }
          }
        ]
      }
    },
    "38": {
      "trigger": "minecraft:player_hurt_entity",
      "conditions": {
        "player": [
          {
            "condition": "minecraft:reference",
            "name": "players:holding/scars"
          }
        ],
        "damage": {
          "dealt": {
            "min": 38,
            "max": 38.9999999
          }
        },
        "entity": [
          {
            "condition": "minecraft:entity_properties",
            "entity": "this",
            "predicate": {
              "nbt": "{Health:0.0f}"
            }
          }
        ]
      }
    },
    "39": {
      "trigger": "minecraft:player_hurt_entity",
      "conditions": {
        "player": [
          {
            "condition": "minecraft:reference",
            "name": "players:holding/scars"
          }
        ],
        "damage": {
          "dealt": {
            "min": 39,
            "max": 39.9999999
          }
        },
        "entity": [
          {
            "condition": "minecraft:entity_properties",
            "entity": "this",
            "predicate": {
              "nbt": "{Health:0.0f}"
            }
          }
        ]
      }
    },
    "40": {
      "trigger": "minecraft:player_hurt_entity",
      "conditions": {
        "player": [
          {
            "condition": "minecraft:reference",
            "name": "players:holding/scars"
          }
        ],
        "damage": {
          "dealt": {
            "min": 40,
            "max": 40.9999999
          }
        },
        "entity": [
          {
            "condition": "minecraft:entity_properties",
            "entity": "this",
            "predicate": {
              "nbt": "{Health:0.0f}"
            }
          }
        ]
      }
    },
    "41": {
      "trigger": "minecraft:player_hurt_entity",
      "conditions": {
        "player": [
          {
            "condition": "minecraft:reference",
            "name": "players:holding/scars"
          }
        ],
        "damage": {
          "dealt": {
            "min": 41,
            "max": 41.9999999
          }
        },
        "entity": [
          {
            "condition": "minecraft:entity_properties",
            "entity": "this",
            "predicate": {
              "nbt": "{Health:0.0f}"
            }
          }
        ]
      }
    },
    "42": {
      "trigger": "minecraft:player_hurt_entity",
      "conditions": {
        "player": [
          {
            "condition": "minecraft:reference",
            "name": "players:holding/scars"
          }
        ],
        "damage": {
          "dealt": {
            "min": 42,
            "max": 42.9999999
          }
        },
        "entity": [
          {
            "condition": "minecraft:entity_properties",
            "entity": "this",
            "predicate": {
              "nbt": "{Health:0.0f}"
            }
          }
        ]
      }
    },
    "43": {
      "trigger": "minecraft:player_hurt_entity",
      "conditions": {
        "player": [
          {
            "condition": "minecraft:reference",
            "name": "players:holding/scars"
          }
        ],
        "damage": {
          "dealt": {
            "min": 43,
            "max": 43.9999999
          }
        },
        "entity": [
          {
            "condition": "minecraft:entity_properties",
            "entity": "this",
            "predicate": {
              "nbt": "{Health:0.0f}"
            }
          }
        ]
      }
    },
    "44": {
      "trigger": "minecraft:player_hurt_entity",
      "conditions": {
        "player": [
          {
            "condition": "minecraft:reference",
            "name": "players:holding/scars"
          }
        ],
        "damage": {
          "dealt": {
            "min": 44,
            "max": 44.9999999
          }
        },
        "entity": [
          {
            "condition": "minecraft:entity_properties",
            "entity": "this",
            "predicate": {
              "nbt": "{Health:0.0f}"
            }
          }
        ]
      }
    },
    "45": {
      "trigger": "minecraft:player_hurt_entity",
      "conditions": {
        "player": [
          {
            "condition": "minecraft:reference",
            "name": "players:holding/scars"
          }
        ],
        "damage": {
          "dealt": {
            "min": 45,
            "max": 45.9999999
          }
        },
        "entity": [
          {
            "condition": "minecraft:entity_properties",
            "entity": "this",
            "predicate": {
              "nbt": "{Health:0.0f}"
            }
          }
        ]
      }
    },
    "46": {
      "trigger": "minecraft:player_hurt_entity",
      "conditions": {
        "player": [
          {
            "condition": "minecraft:reference",
            "name": "players:holding/scars"
          }
        ],
        "damage": {
          "dealt": {
            "min": 46,
            "max": 46.9999999
          }
        },
        "entity": [
          {
            "condition": "minecraft:entity_properties",
            "entity": "this",
            "predicate": {
              "nbt": "{Health:0.0f}"
            }
          }
        ]
      }
    },
    "47": {
      "trigger": "minecraft:player_hurt_entity",
      "conditions": {
        "player": [
          {
            "condition": "minecraft:reference",
            "name": "players:holding/scars"
          }
        ],
        "damage": {
          "dealt": {
            "min": 47,
            "max": 47.9999999
          }
        },
        "entity": [
          {
            "condition": "minecraft:entity_properties",
            "entity": "this",
            "predicate": {
              "nbt": "{Health:0.0f}"
            }
          }
        ]
      }
    },
    "48": {
      "trigger": "minecraft:player_hurt_entity",
      "conditions": {
        "player": [
          {
            "condition": "minecraft:reference",
            "name": "players:holding/scars"
          }
        ],
        "damage": {
          "dealt": {
            "min": 48,
            "max": 48.9999999
          }
        },
        "entity": [
          {
            "condition": "minecraft:entity_properties",
            "entity": "this",
            "predicate": {
              "nbt": "{Health:0.0f}"
            }
          }
        ]
      }
    },
    "49": {
      "trigger": "minecraft:player_hurt_entity",
      "conditions": {
        "player": [
          {
            "condition": "minecraft:reference",
            "name": "players:holding/scars"
          }
        ],
        "damage": {
          "dealt": {
            "min": 49,
            "max": 49.9999999
          }
        },
        "entity": [
          {
            "condition": "minecraft:entity_properties",
            "entity": "this",
            "predicate": {
              "nbt": "{Health:0.0f}"
            }
          }
        ]
      }
    },
    "50": {
      "trigger": "minecraft:player_hurt_entity",
      "conditions": {
        "player": [
          {
            "condition": "minecraft:reference",
            "name": "players:holding/scars"
          }
        ],
        "damage": {
          "dealt": {
            "min": 50,
            "max": 50.9999999
          }
        },
        "entity": [
          {
            "condition": "minecraft:entity_properties",
            "entity": "this",
            "predicate": {
              "nbt": "{Health:0.0f}"
            }
          }
        ]
      }
    },
    "51": {
      "trigger": "minecraft:player_hurt_entity",
      "conditions": {
        "player": [
          {
            "condition": "minecraft:reference",
            "name": "players:holding/scars"
          }
        ],
        "damage": {
          "dealt": {
            "min": 51,
            "max": 51.9999999
          }
        },
        "entity": [
          {
            "condition": "minecraft:entity_properties",
            "entity": "this",
            "predicate": {
              "nbt": "{Health:0.0f}"
            }
          }
        ]
      }
    },
    "52": {
      "trigger": "minecraft:player_hurt_entity",
      "conditions": {
        "player": [
          {
            "condition": "minecraft:reference",
            "name": "players:holding/scars"
          }
        ],
        "damage": {
          "dealt": {
            "min": 52,
            "max": 52.9999999
          }
        },
        "entity": [
          {
            "condition": "minecraft:entity_properties",
            "entity": "this",
            "predicate": {
              "nbt": "{Health:0.0f}"
            }
          }
        ]
      }
    },
    "53": {
      "trigger": "minecraft:player_hurt_entity",
      "conditions": {
        "player": [
          {
            "condition": "minecraft:reference",
            "name": "players:holding/scars"
          }
        ],
        "damage": {
          "dealt": {
            "min": 53,
            "max": 53.9999999
          }
        },
        "entity": [
          {
            "condition": "minecraft:entity_properties",
            "entity": "this",
            "predicate": {
              "nbt": "{Health:0.0f}"
            }
          }
        ]
      }
    },
    "54": {
      "trigger": "minecraft:player_hurt_entity",
      "conditions": {
        "player": [
          {
            "condition": "minecraft:reference",
            "name": "players:holding/scars"
          }
        ],
        "damage": {
          "dealt": {
            "min": 54,
            "max": 54.9999999
          }
        },
        "entity": [
          {
            "condition": "minecraft:entity_properties",
            "entity": "this",
            "predicate": {
              "nbt": "{Health:0.0f}"
            }
          }
        ]
      }
    },
    "55": {
      "trigger": "minecraft:player_hurt_entity",
      "conditions": {
        "player": [
          {
            "condition": "minecraft:reference",
            "name": "players:holding/scars"
          }
        ],
        "damage": {
          "dealt": {
            "min": 55,
            "max": 55.9999999
          }
        },
        "entity": [
          {
            "condition": "minecraft:entity_properties",
            "entity": "this",
            "predicate": {
              "nbt": "{Health:0.0f}"
            }
          }
        ]
      }
    },
    "56": {
      "trigger": "minecraft:player_hurt_entity",
      "conditions": {
        "player": [
          {
            "condition": "minecraft:reference",
            "name": "players:holding/scars"
          }
        ],
        "damage": {
          "dealt": {
            "min": 56,
            "max": 56.9999999
          }
        },
        "entity": [
          {
            "condition": "minecraft:entity_properties",
            "entity": "this",
            "predicate": {
              "nbt": "{Health:0.0f}"
            }
          }
        ]
      }
    },
    "57": {
      "trigger": "minecraft:player_hurt_entity",
      "conditions": {
        "player": [
          {
            "condition": "minecraft:reference",
            "name": "players:holding/scars"
          }
        ],
        "damage": {
          "dealt": {
            "min": 57,
            "max": 57.9999999
          }
        },
        "entity": [
          {
            "condition": "minecraft:entity_properties",
            "entity": "this",
            "predicate": {
              "nbt": "{Health:0.0f}"
            }
          }
        ]
      }
    },
    "58": {
      "trigger": "minecraft:player_hurt_entity",
      "conditions": {
        "player": [
          {
            "condition": "minecraft:reference",
            "name": "players:holding/scars"
          }
        ],
        "damage": {
          "dealt": {
            "min": 58,
            "max": 58.9999999
          }
        },
        "entity": [
          {
            "condition": "minecraft:entity_properties",
            "entity": "this",
            "predicate": {
              "nbt": "{Health:0.0f}"
            }
          }
        ]
      }
    },
    "59": {
      "trigger": "minecraft:player_hurt_entity",
      "conditions": {
        "player": [
          {
            "condition": "minecraft:reference",
            "name": "players:holding/scars"
          }
        ],
        "damage": {
          "dealt": {
            "min": 59,
            "max": 59.9999999
          }
        },
        "entity": [
          {
            "condition": "minecraft:entity_properties",
            "entity": "this",
            "predicate": {
              "nbt": "{Health:0.0f}"
            }
          }
        ]
      }
    },
    "60": {
      "trigger": "minecraft:player_hurt_entity",
      "conditions": {
        "player": [
          {
            "condition": "minecraft:reference",
            "name": "players:holding/scars"
          }
        ],
        "damage": {
          "dealt": {
            "min": 60,
            "max": 60.9999999
          }
        },
        "entity": [
          {
            "condition": "minecraft:entity_properties",
            "entity": "this",
            "predicate": {
              "nbt": "{Health:0.0f}"
            }
          }
        ]
      }
    },
    "61": {
      "trigger": "minecraft:player_hurt_entity",
      "conditions": {
        "player": [
          {
            "condition": "minecraft:reference",
            "name": "players:holding/scars"
          }
        ],
        "damage": {
          "dealt": {
            "min": 61,
            "max": 61.9999999
          }
        },
        "entity": [
          {
            "condition": "minecraft:entity_properties",
            "entity": "this",
            "predicate": {
              "nbt": "{Health:0.0f}"
            }
          }
        ]
      }
    },
    "62": {
      "trigger": "minecraft:player_hurt_entity",
      "conditions": {
        "player": [
          {
            "condition": "minecraft:reference",
            "name": "players:holding/scars"
          }
        ],
        "damage": {
          "dealt": {
            "min": 62,
            "max": 62.9999999
          }
        },
        "entity": [
          {
            "condition": "minecraft:entity_properties",
            "entity": "this",
            "predicate": {
              "nbt": "{Health:0.0f}"
            }
          }
        ]
      }
    },
    "63": {
      "trigger": "minecraft:player_hurt_entity",
      "conditions": {
        "player": [
          {
            "condition": "minecraft:reference",
            "name": "players:holding/scars"
          }
        ],
        "damage": {
          "dealt": {
            "min": 63,
            "max": 63.9999999
          }
        },
        "entity": [
          {
            "condition": "minecraft:entity_properties",
            "entity": "this",
            "predicate": {
              "nbt": "{Health:0.0f}"
            }
          }
        ]
      }
    },
    "64": {
      "trigger": "minecraft:player_hurt_entity",
      "conditions": {
        "player": [
          {
            "condition": "minecraft:reference",
            "name": "players:holding/scars"
          }
        ],
        "damage": {
          "dealt": {
            "min": 64,
            "max": 64.9999999
          }
        },
        "entity": [
          {
            "condition": "minecraft:entity_properties",
            "entity": "this",
            "predicate": {
              "nbt": "{Health:0.0f}"
            }
          }
        ]
      }
    },
    "65": {
      "trigger": "minecraft:player_hurt_entity",
      "conditions": {
        "player": [
          {
            "condition": "minecraft:reference",
            "name": "players:holding/scars"
          }
        ],
        "damage": {
          "dealt": {
            "min": 65,
            "max": 65.9999999
          }
        },
        "entity": [
          {
            "condition": "minecraft:entity_properties",
            "entity": "this",
            "predicate": {
              "nbt": "{Health:0.0f}"
            }
          }
        ]
      }
    },
    "66": {
      "trigger": "minecraft:player_hurt_entity",
      "conditions": {
        "player": [
          {
            "condition": "minecraft:reference",
            "name": "players:holding/scars"
          }
        ],
        "damage": {
          "dealt": {
            "min": 66,
            "max": 66.9999999
          }
        },
        "entity": [
          {
            "condition": "minecraft:entity_properties",
            "entity": "this",
            "predicate": {
              "nbt": "{Health:0.0f}"
            }
          }
        ]
      }
    },
    "67": {
      "trigger": "minecraft:player_hurt_entity",
      "conditions": {
        "player": [
          {
            "condition": "minecraft:reference",
            "name": "players:holding/scars"
          }
        ],
        "damage": {
          "dealt": {
            "min": 67,
            "max": 67.9999999
          }
        },
        "entity": [
          {
            "condition": "minecraft:entity_properties",
            "entity": "this",
            "predicate": {
              "nbt": "{Health:0.0f}"
            }
          }
        ]
      }
    },
    "68": {
      "trigger": "minecraft:player_hurt_entity",
      "conditions": {
        "player": [
          {
            "condition": "minecraft:reference",
            "name": "players:holding/scars"
          }
        ],
        "damage": {
          "dealt": {
            "min": 68,
            "max": 68.9999999
          }
        },
        "entity": [
          {
            "condition": "minecraft:entity_properties",
            "entity": "this",
            "predicate": {
              "nbt": "{Health:0.0f}"
            }
          }
        ]
      }
    },
    "69": {
      "trigger": "minecraft:player_hurt_entity",
      "conditions": {
        "player": [
          {
            "condition": "minecraft:reference",
            "name": "players:holding/scars"
          }
        ],
        "damage": {
          "dealt": {
            "min": 69,
            "max": 69.9999999
          }
        },
        "entity": [
          {
            "condition": "minecraft:entity_properties",
            "entity": "this",
            "predicate": {
              "nbt": "{Health:0.0f}"
            }
          }
        ]
      }
    },
    "70": {
      "trigger": "minecraft:player_hurt_entity",
      "conditions": {
        "player": [
          {
            "condition": "minecraft:reference",
            "name": "players:holding/scars"
          }
        ],
        "damage": {
          "dealt": {
            "min": 70
          }
        },
        "entity": [
          {
            "condition": "minecraft:entity_properties",
            "entity": "this",
            "predicate": {
              "nbt": "{Health:0.0f}"
            }
          }
        ]
      }
    },
    "normal": {
      "trigger": "minecraft:player_hurt_entity",
      "conditions": {
        "player": [
          {
            "condition": "minecraft:reference",
            "name": "players:holding/scars"
          }
        ],
        "entity": [
          {
            "condition": "minecraft:entity_properties",
            "entity": "this",
            "predicate": {
              "nbt": "{Health:0.0f}"
            }
          },
          {
            "condition": "minecraft:inverted",
            "term": {
              "condition": "minecraft:any_of",
              "terms": [
                {
                  "condition": "minecraft:entity_properties",
                  "entity": "this",
                  "predicate": {
                    "type": "#core:arthropod"
                  }
                },
                {
                  "condition": "minecraft:entity_properties",
                  "entity": "this",
                  "predicate": {
                    "type": "#core:undead"
                  }
                }
              ]
            }
          }
        ]
      }
    },
    "bane": {
      "trigger": "minecraft:player_hurt_entity",
      "conditions": {
        "player": [
          {
            "condition": "minecraft:reference",
            "name": "players:holding/scars"
          }
        ],
        "entity": [
          {
            "condition": "minecraft:entity_properties",
            "entity": "this",
            "predicate": {
              "type": "#core:arthropod",
              "nbt": "{Health:0.0f}"
            }
          }
        ]
      }
    },
    "smite": {
      "trigger": "minecraft:player_hurt_entity",
      "conditions": {
        "player": [
          {
            "condition": "minecraft:reference",
            "name": "players:holding/scars"
          }
        ],
        "entity": [
          {
            "condition": "minecraft:entity_properties",
            "entity": "this",
            "predicate": {
              "type": "#core:undead",
              "nbt": "{Health:0.0f}"
            }
          }
        ]
      }
    }
  },
  "requirements": [
    [
      "normal",
      "bane",
      "smite"
    ],
    [
      "0",
      "1",
      "2",
      "3",
      "4",
      "5",
      "6",
      "7",
      "8",
      "9",
      "10",
      "11",
      "12",
      "13",
      "14",
      "15",
      "16",
      "17",
      "18",
      "19",
      "20",
      "21",
      "22",
      "23",
      "23",
      "24",
      "25",
      "26",
      "27",
      "28",
      "29",
      "30",
      "31",
      "32",
      "33",
      "34",
      "35",
      "36",
      "37",
      "38",
      "39",
      "40",
      "41",
      "42",
      "43",
      "44",
      "45",
      "46",
      "47",
      "48",
      "49",
      "50",
      "51",
      "52",
      "53",
      "54",
      "55",
      "56",
      "57",
      "58",
      "59",
      "60",
      "61",
      "62",
      "63",
      "64",
      "65",
      "66",
      "67",
      "68",
      "69",
      "70"
    ]
  ],
  "rewards": {
    "function": "players:items/1kscars/kill/main"
  }
}
