{
  "criteria": {
    "": {
      "trigger": "minecraft:item_used_on_block",
      "conditions": {
        "player": [
          {
            "condition": "minecraft:entity_properties",
            "entity": "this",
            "predicate": {}
          }
        ],
        "location": [
          {
            "condition": "minecraft:location_check",
            "predicate": {
              "block": {
                "tag": "minecraft:beds"
              }
            }
          }
        ]
      }
    }
  },
  "rewards": {
    "function": "players:spawn/use_bed"
  }
}
