{
    "criteria": {
        "use_tag": {
            "trigger":"minecraft:player_interacted_with_entity",
            "conditions": {
                "item": {
                    "items": [
                        "minecraft:name_tag"
                    ]
                },
                "entity": {
                    "type":"horse",
                    "nbt":"{Tags:[\"avHorse\"]}"
                }
            }
        }
    },
    "rewards": {
        "function":"players:avhorse/write_nearby_avhorses"
    }
}