{
    "aphelion.exit_pipe.1":"ＭＡＴＥＲＩＡＬ ＭＵＳＴ ＢＥ ＥＪＥＣＴＥＤ ＴＯ ＯＰＥＮ ＥＸＩＴ ＰＩＰＥ",
    "aphelion.exit_pipe.2":"ＯＰＥＮＩＮＧ ＥＸＩＴ ＰＩＰＥ．．．",

    "aphelion.confirm.1":"ＣＨＥＣＫＩＮＧ ＲＥＡＣＴＯＲ ＳＴＡＴＵＳ．．． ＲＥＡＣＴＯＲ： ＯＮＬＩＮＥ",
    "aphelion.confirm.2":"ＡＲＥ ＹＯＵ ＳＵＲＥ ＹＯＵ ＷＯＵＬＤ ＬＩＫＥ ＴＯ ＥＪＥＣＴ ＡＬＬ ＭＡＴＥＲＩＡＬ？ ＰＲＥＳＳ ＡＧＡＩＮ ＴＯ ＣＯＮＦＩＲＭ",

    "aphelion.eject.1":"ＥＪＥＣＴＩＮＧ ＡＬＬ ＭＡＴＥＲＩＡＬ ＦＲＯＭ ＲＥＡＣＴＯＲ．．．",
    "aphelion.eject.2":"ＤＥＰＲＥＳＳＵＲＩＺＩＮＧ ＰＩＰＥ ＮＥＴＷＯＲＫ．．．",
    "aphelion.eject.3":"ＥＭＰＴＹＩＮＧ ＳＴＯＲＡＧＥ ＣＡＰＳＵＬＥＳ．．．",
    "aphelion.eject.4":"ＷＡＲＮＩＮＧ： ＰＲＩＭＡＬ ＳＬＡＧ ＣＡＵＧＨＴ ＩＮ ＧＲＡＶＩＴＹ ＷＥＬＬ",
    "aphelion.eject.5":"ＭＡＴＥＲＩＡＬ ＥＮＴＥＲＩＮＧ ＬＯ＇ＤＡＨＲ ＡＴＭＯＳＰＨＥＲＥ．．．",
    "aphelion.eject.6":"ＡＬＬ ＭＡＴＥＲＩＡＬ ＥＪＥＣＴＥＤ． ＡＰＨＥＬＩＯＮ ＮＯＷ ＲＵＮＮＩＮＧ ＯＮ ＢＡＣＫＵＰ ＥＮＥＲＧＹ",

    "aphelion.resistance_test.1":"ＡＣＴＩＶＡＴＩＮＧ ＶＥＩＬＳＴＯＮＥ ＲＥＳＩＳＴＡＮＣＥ ＴＥＳＴ．．．",
    "aphelion.resistance_test.2":"ＲＥＳＩＳＴＡＮＣＥ ＴＥＳＴ ＣＯＭＰＬＥＴＥ． ＲＥＦＯＲＭＩＮＧ ＣＯＮＤＥＮＳＥＤ ＶＥＩＬＳＴＯＮＥ．．．",

    "aphelion.shuttle.1":"ＣＡＮＮＯＴ ＲＥＣＡＬＬ",
    "aphelion.shuttle.2":"ＣＬＥＡＲ ＨＡＮＧＡＲ ＯＦ ＰＥＲＳＯＮＮＥＬ ＢＥＦＯＲＥ ＬＡＵＮＣＨ",
    "aphelion.shuttle.3":"ＡＬＬ ＰＡＳＳＥＮＧＥＲＳ ＭＵＳＴ ＢＥ ＳＥＡＴＥＤ ＢＥＦＯＲＥ ＬＡＵＮＣＨ",

    "aphelion.tower.fail":"ＣＡＮＮＯＴ ＬＩＮＫ ＴＯ ＮＥＴＷＯＲＫ ＷＨＩＬＥ ＴＯＷＥＲ ＩＳ ＩＮ ＳＴＡＴＩＯＮ",

    "aphelion.tower.1":"ＩＮＩＴＩＡＴＩＮＧ ＩＮＪＥＣＴＩＯＮ ＳＥＱＵＥＮＣＥ",
    "aphelion.tower.2":"ＡＣＴＩＶＡＴＩＮＧ ＶＡＣＵＵＭ ＳＨＥＬＬ",
    "aphelion.tower.3":"ＴＯＷＥＲ ＳＥＡＬＥＤ． ＳＴＡＲＴＩＮＧ ＩＮＪＥＣＴＩＯＮ ＳＥＱＵＥＮＣＥ ＩＮ ５．．．",
    "aphelion.tower.4":"４．．．",
    "aphelion.tower.5":"３．．．",
    "aphelion.tower.6":"２．．．",
    "aphelion.tower.7":"１．．．",
    "aphelion.tower.8":"０．．．",

    "terminus.warp":"ＩＮＩＴＩＡＴＩＮＧ ＰＨＡＳＥ ＷＡＲＰ．．．",
    "terminus.new_tower":"ＮＥＷ ＴＯＷＥＲ ＯＮＬＩＮＥ．．． ＬＩＮＫＩＮＧ ＴＯ ＮＥＴＷＯＲＫ．．．",
    "terminus.100":"ＮＥＴＷＯＲＫ ＣＵＲＲＥＮＴＬＹ ＬＩＮＫＥＤ ＴＯ １００．０％",

    "terminus.yav.fail.1":"ＥＲＲ： ＡＣＴＩＶＡＴＩＯＮ ＦＡＩＬＥＤ － ＥＸＴＲＡＤＩＭＥＮＳＩＯＮＡＬ ＩＮＴＥＲＦＥＲＥＮＣＥ ＤＥＴＥＣＴＥＤ",
    "terminus.yav.fail.2":"ＥＲＲ： . . .",
    "terminus.yav.unlock":"ＳＰＩＲＥ ＯＦ ＮＯＴＨＩＮＧ ＡＣＴＩＶＡＴＥＤ．．． ＴＥＲＭＩＮＵＳ ＴＲＡＶＥＬ ＴＯ ＴＨＥ ＰＲＩＭＡＲＹ ＥＮＥＲＧＹ ＣＯＬＬＥＣＴＩＯＮ ＦＡＣＩＬＩＴＹ ＵＮＬＯＣＫＥＤ",

    "terminus.boot.1":"ＭＯＶＥＭＥＮＴ ＤＥＴＥＣＴＥＤ ＩＮ ＣＯＭＰＡＳＳ ＤＩＳＰＥＮＳＡＲＹ",
    "terminus.boot.2":"ＴＩＥＲ １Ｂ ＲＡＮＫ ＲＥＣＯＧＮＩＺＥＤ， ＳＥＣＵＲＩＴＹ ＭＥＡＳＵＲＥＳ ＤＩＳＥＮＧＡＧＥＤ",
    "terminus.boot.3":"ＷＥＬＣＯＭＥ ＢＡＣＫ， ＯＦＦＩＣＥＲ",
    "terminus.boot.4":"ＷＡＲＮ： ＣＲＩＴＩＣＡＬ ＴＲＡＶＥＬ ＮＥＴＷＯＲＫ ＥＲＲＯＲ",
    "terminus.boot.5":"ＭＡＮＵＡＬ ＲＥＢＯＯＴ ＲＥＱＵＩＲＥＤ ＡＴ ＡＬＬ ＬＩＮＫＥＤ ＴＯＷＥＲＳ ＴＯ ＲＥＳＴＯＲＥ ａｖＳＹＳ ＤＡＴＡＢＡＳＥ ＭＥＭＯＲＹ ＡＮＤ ＷＡＲＰ ＴＲＡＶＥＬ",
    "terminus.boot.6":"ＰＥＲＦＯＲＭＩＮＧ ＤＡＴＡＢＡＳＥ ＤＩＡＧＮＯＳＴＩＣ．．．",
    "terminus.boot.7.1.yellow":"ＡＶ＇ＳＡＬ",
    "terminus.boot.7.2":" ＮＥＴＷＯＲＫ ＴＥＲＭＩＮＡＬ ＯＮＬＩＮＥ",
    "terminus.boot.8":"ＬＯＣＡＴＯＲ ＤＩＳＰＥＮＳＥＤ， ＰＬＥＡＳＥ ＰＥＲＦＯＲＭ ＭＡＮＵＡＬ ＲＥＢＯＯＴ ＯＮ－ＳＩＴＥ",

    "terminus.salmevir.1":"ＮＥＴＷＯＲＫ ＬＩＮＫＡＧＥ ＲＥＳＴＯＲＥＤ ＴＯ ２５％！",
    "terminus.salmevir.2.1.yellow":"ＡＮＣＩＬＬＡＲＹ ＲＥＳＥＡＲＣＨ ＦＡＣＩＬＩＴＹ",
    "terminus.salmevir.2.2":" ＮＥＴＷＯＲＫ ＴＥＲＭＩＮＡＬ ＯＮＬＩＮＥ",
    "terminus.salmevir.3":"ＬＯＣＡＴＯＲ ＤＩＳＰＥＮＳＥＤ， ＯＦＦＩＣＥＲ ＰＲＥＳＥＮＣＥ ＲＥＱＵＥＳＴＥＤ ＦＯＲ ＭＡＮＵＡＬ ＯＮ－ＳＩＴＥ ＲＥＢＯＯＴ",
    
    "terminus.exodus.1":"ＮＥＴＷＯＲＫ ＬＩＮＫＡＧＥ ＲＥＳＴＯＲＥＤ ＴＯ ５０％！",
    "terminus.exodus.2.1.yellow":"ＥＸＯＤＵＳ ＣＩＴＡＤＥＬ",
    "terminus.exodus.2.2":" ＮＥＴＷＯＲＫ ＴＥＲＭＩＮＡＬ ＯＮＬＩＮＥ",
    "terminus.exodus.3":"ＬＯＣＡＴＯＲ ＤＩＳＰＥＮＳＥＤ， ＯＦＦＩＣＥＲ ＰＲＥＳＥＮＣＥ ＲＥＱＵＥＳＴＥＤ ＦＯＲ ＭＡＮＵＡＬ ＯＮ－ＳＩＴＥ ＲＥＢＯＯＴ",

    "terminus.admin.1":"ＮＥＴＷＯＲＫ ＬＩＮＫＡＧＥ ＲＥＳＴＯＲＥＤ ＴＯ ７５％！",
    "terminus.admin.2.1.yellow":"ＡＶ＇ＳＡＬ ＡＤＭＩＮＩＳＴＲＡＴＩＶＥ ＷＩＮＧ",
    "terminus.admin.2.2":" ＮＥＴＷＯＲＫ ＴＥＲＭＩＮＡＬ ＯＮＬＩＮＥ",
    "terminus.admin.3":"ＬＯＣＡＴＯＲ ＤＩＳＰＥＮＳＥＤ， ＯＦＦＩＣＥＲ ＰＲＥＳＥＮＣＥ ＲＥＱＵＥＳＴＥＤ ＦＯＲ ＭＡＮＵＡＬ ＯＮ－ＳＩＴＥ ＲＥＢＯＯＴ",

    "terminus.hangar.1":"ＯＵＴＥＲ ＷＩＮＧ ＰＥＲＭＩＳＳＩＯＮＳ ＲＥＳＴＯＲＥＤ",
    "terminus.hangar.2.yellow":"ＯＵＴＥＲ ＷＩＮＧ ＤＯＯＲ： ＯＰＥＮＥＤ",
    "terminus.hangar.3":"ＥＲＲＯＲ： ＡＰＨＥＬＩＯＮ ＰＩＮＧ ＵＮＲＥＳＰＯＮＳＩＶＥ",
    "terminus.hangar.4":"ＡＣＣＥＳＳ ＴＯ ＡＰＨＥＬＩＯＮ ＧＲＡＮＴＥＤ， ＲＥＣＯＭＭＥＮＤ ＤＩＲＥＣＴ ＲＥＣＯＮＮＥＣＴＩＯＮ",
    
    "terminus.lodahr.1":"ＭＡＮＵＡＬ ＤＡＴＡＢＡＳＥ ＲＥＢＯＯＴ ＲＥＱＵＩＲＥＤ ＡＴ ＣＯＲＥ ＬＵＮＡＲ ＦＡＣＩＬＩＴＹ， ＬＯＣＡＴＯＲ ＤＩＳＰＥＮＳＥＤ",
    "terminus.lodahr.2":"ＬＵＮＡＲ ＦＡＣＩＬＩＴＩＥＳ ＳＵＣＣＥＳＳＦＵＬＬＹ ＬＩＮＫＥＤ ＴＯ ＮＥＴＷＯＲＫ！",

    "terminus.full.1":"ＮＥＴＷＯＲＫ ＬＩＮＫＡＧＥ ＲＥＳＴＯＲＥＤ ＴＯ １００％！ ＰＥＲＦＯＲＭＩＮＧ ＦＩＮＡＬ ＤＩＡＧＮＯＳＴＩＣ ＳＷＥＥＰ… ",
    "terminus.full.2":"ＴＯＷＥＲ ＮＥＴＷＯＲＫ ＦＵＬＬＹ ＯＮＬＩＮＥ， ＴＯＷＥＲ ＡＵＲＡ ＥＭＩＴＴＥＲＳ ＲＥＡＣＴＩＶＡＴＥＤ",
    "terminus.full.3":"ＡＬＬ ＴＥＲＭＩＮＵＳ ＳＵＢＳＹＳＴＥＭＳ ＲＥ－ＥＮＡＢＬＥＤ， ＨＥＩＧＨＴＥＮＥＤ ＳＥＣＵＲＩＴＹ ＣＬＥＡＲＡＮＣＥ ＧＲＡＮＴＥＤ",
    "terminus.full.4":"ＡＧＩＬＩＴＹ ＢＯＯＳＴ ＡＵＲＡ ＥＭＩＴＴＥＲＳ： ＲＥＡＣＴＩＶＡＴＥＤ",

    "admin.1":"ＡＤＭＩＮＩＳＴＲＡＴＩＶＥ ＴＥＲＭＩＮＡＬ ＲＥＢＯＯＴＩＮＧ．．．",
    "admin.2":"ＣＨＥＣＫＩＮＧ ＵＳＥＲ ＰＥＲＭＩＳＳＩＯＮＳ．．．",
    "admin.3":"ＵＳＥＲ ＲＡＮＫ： ＴＩＥＲ １Ｂ ＯＦＦＩＣＥＲ",
    "admin.4":"ＰＥＲＭＩＳＳＩＯＮＳ ＲＥＳＴＯＲＥＤ！",
    "admin.5":"ＯＮＥ （１） ＵＮＲＥＡＤ ＭＥＳＳＡＧＥ ＦＲＯＭ ＣＯＭＭＡＮＤＥＲ ＶＥＲＰＹＮＥ",
    "admin.6":"ＴＲＡＮＳＭＩＴＴＩＮＧ．．．",
    "admin.7":"\"ＨＥＬＰ． Ｉ ＫＮＯＷ ＴＨＡＴ ＡＶ＇ＳＡＬ ＨＡＳ ＡＬＲＥＡＤＹ ＦＡＬＬＥＮ， ＢＵＴ ＩＦ ＡＮＹＯＮＥ ＩＳ ＬＥＦＴ， ＰＬＥＡＳＥ ＳＥＮＤ ＢＡＣＫＵＰ ＴＯ ＴＨＥ ＡＰＨＥＬＩＯＮ ＩＭＭＥＤＩＡＴＥＬＹ． Ｉ ＲＥＰＥＡＴ： ＨＥＬＰ． ＯＨ ＤＲＥＨＮ ＰＬＥＡＳＥ－－－－－－－－－－－\"",
    "admin.8":"ＵＳＥＲ ＲＡＮＫ： ＴＩＥＲ １Ｂ ＯＦＦＩＣＥＲ",
    "admin.9":"ＰＲＥＳＥＮＣＥ ＲＥＱＵＥＳＴＥＤ ＡＢＯＡＲＤ ＴＨＥ ＡＰＨＥＬＩＯＮ",
    "admin.10":"ＰＬＥＡＳＥ ＰＲＥＰＡＲＥ ＴＯ ＢＯＡＲＤ ＡＮＤ ＴＲＡＶＥＬ ＴＯ ＴＨＥ ＯＵＴＥＲ ＴＯＷＥＲＳ ＷＩＮＧ ＯＦ ＴＨＥ ＴＥＲＭＩＮＵＳ ＡＳ ＳＯＯＮ ＡＳ ＰＯＳＳＩＢＬＥ",

    "numencore.1":"ＷＡＲＮＩＮＧ： ＥＸＣＥＳＳＩＶＥ ＰＲＩＭＡＬ ＥＮＥＲＧＹ ＦＬＯＷ ＤＥＴＥＣＴＥＤ． ＰＬＥＡＳＥ ＥＶＡＣＵＡＴＥ ＴＨＥ ＦＡＣＩＬＩＴＹ．",
    "numencore.2":"１／２ ＯＶＥＲＲＩＤＥ ＴＲＩＧＧＥＲＳ ＡＣＴＩＶＡＴＥＤ",
    "numencore.3":"２／２ ＯＶＥＲＲＩＤＥ ＴＲＩＧＧＥＲＳ ＡＣＴＩＶＡＴＥＤ． ＣＯＲＥ ＣＨＡＲＧＩＮＧ ＳＴＡＴＩＯＮ ＩＳ ＮＯＷ ＡＣＣＥＳＳＩＢＬＥ．",

    "holotext.unlock":"ＡＶ＇ＳＡＬ ＲＥＰＯＳＩＴＯＲＹ ＵＰＤＡＴＥＤ",

    "terminal.generic.click":"ＡＴＴＥＭＰＴＩＮＧ ＮＥＴＷＯＲＫ ＲＥＣＯＮＮＥＣＴＩＯＮ．．．",
    "terminal.generic.success":"ＮＥＴＷＯＲＫ ＲＥＣＯＮＮＥＣＴＩＯＮ ＳＵＣＣＥＳＳ． ＨＯＬＯＴＥＸＴ ＤＡＴＡＢＡＳＥ ＢＡＣＫ ＯＮＬＩＮＥ",
    "terminal.generic.fail":"ＮＥＴＷＯＲＫ ＲＥＣＯＮＮＥＣＴＩＯＮ ＦＡＩＬＥＤ． ＰＬＥＡＳＥ ＳＴＡＢＩＬＩＺＥ ＴＯＷＥＲ ＬＩＮＫＡＧＥ",

    "terminal.full.1":"ＦＵＬＬ ａｖＳＹＳ ＤＡＴＡＢＡＳＥ ＭＥＭＯＲＹ ＲＥＳＴＯＲＥＤ",
    "terminal.full.2":"ＮＯ ＦＵＲＴＨＥＲ ＮＥＴＷＯＲＫ ＬＩＮＫＡＧＥ ＲＥＱＵＩＲＥＤ",
    
    "terminal.fail.command_blocks":"ＣＯＭＭＡＮＤ ＢＬＯＣＫＳ ＡＲＥ ＮＯＴ ＥＮＡＢＬＥＤ ＯＮ ＴＨＩＳ ＳＥＲＶＥＲ． ＥＮＡＢＬＥ ＴＨＥＭ ＩＮ ＴＨＥ ＳＥＲＶＥＲ．ＰＲＯＰＥＲＴＩＥＳ ＦＩＬＥ ＢＥＦＯＲＥ ＰＲＯＣＥＥＤＩＮＧ",
    "terminal.fail.version.1":"ＥＲＲ！ ＩＮＣＯＲＲＥＣＴ ＭＡＰ ＶＥＲＳＩＯＮ",
    "terminal.fail.version.2":"ＴＨＩＳ ＷＯＲＬＤ ＤＯＷＮＬＯＡＤ ＩＳ ＩＲＲＥＶＥＲＳＩＢＬＹ ＣＯＲＲＵＰＴＥＤ． ＰＬＥＡＳＥ ＲＥＩＮＳＴＡＬＬ ＯＮ １．２０．１",

    "spawn.1":"ＣＲＩＴＩＣＡＬ ＬＩＦＥ ＳＵＰＰＯＲＴ ＥＲＲＯＲ！",
    "spawn.2":"１２ ＰＯＤＳ ＦＬＡＴＬＩＮＥＤ， ＳＵＢＪＥＣＴ ＲＥＣＯＶＥＲＹ ＩＭＰＲＯＢＡＢＬＥ",
    "spawn.3":"ＣＯＭＭＥＮＣＩＮＧ ＥＭＥＲＧＥＮＣＹ ＳＴＡＳＩＳ ＴＥＲＭＩＮＡＴＩＯＮ ＩＮ ＰＯＤＳ １－８， ＳＴＡＮＤＢＹ．．．",
    "spawn.4":"ＳＴＡＳＩＳ ＴＥＲＭＩＮＡＴＩＯＮ ＳＵＣＣＥＳＳ！ ＳＵＢＪＥＣＴ ＶＩＴＡＬＳ ＯＫ",
    "spawn.5":"ＯＰＥＮＩＮＧ ＰＯＤ ＤＯＯＲＳ．．．",
    "spawn.6.1":"ＥＲＲ： ＰＯＤ ＤＯＯＲＳ ＪＡＭＭＥＤ！ ",
    "spawn.6.2.yellow":"ＢＲＥＡＫ ＧＬＡＳＳ ＦＯＲ ＭＡＮＵＡＬ ＥＶＡＣ",

    "spawn.7":"ＧＯＯＤ ＭＯＲＮＩＮＧ， ＯＦＦＩＣＥＲ",
    "spawn.8":"ＰＥＲＦＯＲＭＩＮＧ ＦＡＣＩＬＩＴＹ ＤＩＡＧＮＯＳＴＩＣ．．．",
    "spawn.9":"ＦＡＣＩＬＩＴＹ ＲＵＮＮＩＮＧ ＯＮ ＢＡＣＫＵＰ ＰＯＷＥＲ",
    "spawn.10":"ＥＮＥＲＧＹ ＧＲＩＤ ＣＯＮＮＥＣＴＩＯＮ ＳＴＡＴＵＳ： ＳＥＶＥＲＥＤ",
    "spawn.11":"ＭＡＮＵＡＬ ＲＥＢＯＯＴ ＯＦ ＦＡＣＩＬＩＴＹ ＩＮＦＯＲＭＡＴＩＯＮ ＴＥＲＭＩＮＡＬ ＲＥＱＵＩＲＥＤ",
    "spawn.12":"ＰＥＲＦＯＲＭＩＮＧ ＳＥＬＦ ＤＩＡＧＮＯＳＴＩＣ．．．",
    "spawn.13":"ａｖＳＹＳ ＤＡＴＡＢＡＮＫ ＳＴＡＴＵＳ ＦＲＡＧＭＥＮＴＥＤ",

    "myth.silentthing.1": "ＷＡＲＮＩＮＧ： ＵＮＫＮＯＷＮ ＥＲＲＯＲ ＩＮ ＳＹＳＴＥＭ ＣＯＮＦＩＧ／／",
    "myth.silentthing.2": "ＡＴＴＥＭＰＴＩＮＧ ＳＥＬＦ ＤＩＡＧＮＯＳＴＩＣ／／",
    "myth.silentthing.3": "ＳＥＬＦ ＤＩＡＧＮＯＳＴＩＣ ＦＡＩＬＥＤ， ＡＴＴＥＭＰＴＩＮＧ ＲＥＢＯＯＴ／／",
    "myth.silentthing.4": "ＲＥＢＯＯＴ ＯＶＥＲＷＲＩＴＴＥＮ， ＣＯＮＦＩＧ ＥＲＲＯＲ ＵＮＲＥＳＯＬＶＥＤ． ／／",
    "myth.silentthing.5": "ＡＤＭＩＮ ＰＩＮＧ ＵＮＲＥＳＰＯＮＳＩＶＥ， ＣＯＮＴＡＣＴ ＡＤＭＩＮ ＷＩＮＧ ／／", 
    "myth.silentthing.6": "ＬＯＡＤＩＮＧ ＡＬＴＥＲＮＡＴＩＶＥ ＢＯＯＴＬＯＡＤＥＲ， ＲＥＳＴＡＲＴＩＮＧ／／", 
    "myth.silentthing.7": "ａｖＳＹＳ： ＤＩＳＣＯＮＮＥＣＴＥＤ／／",
    "myth.silentthing.8": "ＲＥＢＯＯＴ ＩＮＩＴＩＡＬＩＺＥＤ／／",
    "myth.silentthing.9": "ＯＲＢＩＴＡＬ ＴＲＡＪＥＣＴＯＲＹ： ＳＴＡＢＬＥ／／", 
    "myth.silentthing.10": "ＭＥＣＨＡＮＩＣＡＬ ＡＲＲＡＹＳ： ＯＮＬＩＮＥ／／",
    "myth.silentthing.11": "ＡＤＭＩＮ ＢＯＯＴ ＣＯＮＦＩＲＭＡＴＩＯＮ： ＵＮＫＮＯＷＮ／／",
    "myth.silentthing.12": "ａｖＳＹＳ： ＯＮＬＩＮＥ／／",
    "myth.silentthing.13": "ＣＬＡＩＭ ＴＨＥ ＮＥＸＴ ＰＩＥＣＥ ＯＦ ＹＯＵＲ ＰＵＺＺＬＥ／／",

    "myth.resonantthing.1":"ＷＡＲＮＩＮＧ： ＵＮＫＮＯＷＮ ＥＲＲＯＲ ＩＮ ＳＹＳＴＥＭ ＣＯＮＦＩＧ",
    "myth.resonantthing.2":"ＲＥＣＥＩＶＩＮＧ ＵＮＫＮＯＷＮ ＤＡＴＡ ＰＡＣＫＡＧＥ",
    "myth.resonantthing.3":"ＮＥＷ ＲＥＣＩＰＥ ＲＥＣＥＩＶＥＤ ＦＯＲ ＤＩＳＰＥＮＳＡＲＹ",
    "myth.resonantthing.4":"ＤＩＳＰＥＮＳＩＮＧ．．．",
    "myth.resonantthing.5":"ＣＯＮＴＩＮＵＥ ＹＯＵＲ ＪＯＵＲＮＥＹ． ＲＥＴＵＲＮ ＴＯ ＴＨＥ ＳＥＡＬ．",

    "myth.rhythmicthing.1":"ＷＡＲＮＩＮＧ： ＲＥＯＣＣＵＲＲＩＮＧ ＥＲＲＯＲ ＩＮ ＳＹＳＴＥＭ ＣＯＮＦＩＧ ＤＥＴＥＣＴＥＤ",
    "myth.rhythmicthing.2":"ＷＡＲＮＩＮＧ： ＲＥＣＥＩＶＩＮＧ ＮＥＷ ＤＡＴＡ ＰＡＣＫＡＧＥ",
    "myth.rhythmicthing.3":"ＷＡＲＮＩＮＧ： ＦＩＮＡＬ ＲＥＣＩＰＥ ＲＥＣＥＩＶＥＤ ＦＯＲ ＤＩＳＰＥＮＳＡＲＹ",
    "myth.rhythmicthing.4":"ＷＡＲＮＩＮＧ： ＤＩＳＰＥＮＳＩＮＧ．．．",
    "myth.rhythmicthing.5":"ＷＡＲＮＩＮＧ： ＦＩＮＩＳＨ ＹＯＵＲ ＪＯＵＲＮＥＹ． ＲＥＴＵＲＮ ＷＨＥＲＥ ＹＯＵ ＳＴＡＲＴＥＤ．"
    
}