{
    "rewards": {
        "recipes": [
            "weapons:comp"
        ],
        "function":"weapons:comp"
    },
    "criteria": {
        "requirement": {
            "trigger": "minecraft:inventory_changed",
            "conditions": {
                "items": [
                    {
                        "nbt":"{comp:1b}"
                    }
                ]
            }
        }
    },
    "display": {
        "title": {
            "color": "dark_purple",
            "text": "Composition No. 9,782,813"
        },
        "description": {
            "color": "gray",
            "text": "Recipe for the great stone buttes, blessing of the summit drake, unlocked."
        },
        "icon": {
            "item": "minecraft:tadpole_spawn_egg"
        },
        "frame": "task",
        "show_toast": true,
        "announce_to_chat": true,
        "hidden": true
    },
    "parent": "weapons:magestep"
}