{
    "criteria": {
        "requirement": {
            "trigger": "minecraft:inventory_changed",
            "conditions": {
                "items": [
                    {
                        "nbt":"{Despair:1b}"
                    }
                ]
            }
        }
    },
    "rewards": {
        "function": "weapons:advancement/despair"
    },
    "display": {
        "frame": "task",
        "announce_to_chat": true,
        "icon": {
            "item": "mythicmetals:adamantite_ingot"
        },
        "title": {
            "color": "gold",
            "text": "Fragment of Despair"
        },
        "description": {
            "color": "gray",
            "text": "Obtained An Upgrade Component"
        },
        "hidden": true,
        "show_toast": true
    },
    "parent": "weapons:shard_of_nothing"
}