{
    "display": {
        "title": {
            "text": "Eldermead",
            "color": "dark_purple"
        },
        "description": {
            "text": "Recipe for a flagon of Eldermead, gift of Vayniklah, unlocked.",
            "color": "gray"
        },
        "icon": {
            "item": "minecraft:zombie_spawn_egg"
        },
        "frame": "task",
        "show_toast": true,
        "announce_to_chat": true,
        "hidden": true
    },
    "criteria": {
        "requirement": {
            "trigger": "minecraft:inventory_changed",
            "conditions": {
                "items": [
                    {
                        "nbt":"{Eldermead:1b}"
                    }
                ]
            }
        }
    },
    "rewards": {
        "recipes": [
            "weapons:eldermead"
        ],
        "function":"weapons:eldermead"
    },
    "parent": "weapons:avpod"
}