{
    "display": {
      "icon": {
        "item": "minecraft:netherite_ingot"
      },
      "title": {
        "text": "Fabled Equipment",
        "color": "light_purple",
        "italic": false
      },
      "description": {
        "text": "Drehmal holds many ancient, powerful armaments with storied pasts. Use them to conquer your foes.",
        "color": "green",
        "italic": false
      },
      "background": "minecraft:textures/block/blackstone_top.png",
      "frame": "task",
      "show_toast": false,
      "announce_to_chat": false,
      "hidden": false
    },
    "criteria": {
      "requirement": {
        "trigger": "minecraft:location",
        "conditions": {
          "player": [
            {
              "condition": "minecraft:location_check",
              "predicate": {
                "dimension": "minecraft:overworld"
              }
            }
          ]
        }
      }
    }
  }
  