{
    "display": {
        "title": {
            "text": "Festering Strides",
            "color": "dark_purple"
        },
        "description": {
            "text": "Recipe for the Festering Strides, boots of an accursed glutton, unlocked.",
            "color": "gray"
        },
        "icon": {
            "item": "minecraft:tropical_fish_spawn_egg"
        },
        "frame": "task",
        "show_toast": true,
        "announce_to_chat": true,
        "hidden": true
    },
    "criteria": {
        "requirement": {
            "trigger": "minecraft:inventory_changed",
            "conditions": {
                "items": [
                    {
                        "nbt":"{FesteringStrides:1b}"
                    }
                ]
            }
        }
    },
    "rewards": {
        "recipes": [
            "weapons:festering_strides"
        ],
        "function":"weapons:festering_strides"
    },
    "parent": "weapons:legendary_armor"
}