{
    "display": {
        "title": {
            "text": "Frenzy",
            "color": "gold"
        },
        "description": {
            "text": "Recipe for Frenzy, the condensed hatred of Sahd, unlocked",
            "color": "gray"
        },
        "icon": {
            "item": "minecraft:ocelot_spawn_egg"
        },
        "frame": "task",
        "show_toast": true,
        "announce_to_chat": true,
        "hidden": true
    },
    "criteria": {
        "requirement": {
            "trigger": "minecraft:inventory_changed",
            "conditions": {
                "items": [
                    {
                        "nbt":"{Frenzy:1b}"
                    }
                ]
            }
        }
    },
    "rewards": {
        "recipes": [
            "weapons:frenzy"
        ],
        "function":"weapons:frenzy"
    },
    "parent": "weapons:mythical"
}