{
    "display": {
        "title": {
            "text": "Avsohm'Kohl",
            "color": "dark_purple"
        },
        "description": {
            "text": "Recipe for Avsohm'Kohl, wings of a civilization long past, unlocked.",
            "color": "gray"
        },
        "icon": {
            "item": "minecraft:elytra"
        },
        "frame": "task",
        "show_toast": true,
        "announce_to_chat": true,
        "hidden": true
    },
    "criteria": {
        "requirement": {
            "trigger": "minecraft:inventory_changed",
            "conditions": {
                "items": [
                    {
                        "nbt":"{Glider:1b}"
                    }
                ]
            }
        }
    },
    "rewards": {
        "recipes": [
            "weapons:glider"
        ],
        "function":"weapons:avsohm_kohl"
    },
    "parent": "weapons:legendary_armor"
}