{
    "criteria": {
        "requirement": {
            "trigger": "minecraft:inventory_changed",
            "conditions": {
                "items": [
                    {
                        "nbt":"{Harbinger:1b}"
                    }
                ]
            }
        }
    },
    "rewards": {
        "function": "weapons:advancement/harbinger"
    },
    "display": {
        "frame": "task",
        "announce_to_chat": true,
        "icon": {
            "item": "mythicmetals:prometheum_ingot"
        },
        "title": {
            "color": "gold",
            "text": "Harbinger"
        },
        "description": {
            "color": "gray",
            "text": "Obtained An Upgrade Component"
        },
        "hidden": true,
        "show_toast": true
    },
    "parent": "weapons:upgradec"
}