{
  "display": {
    "icon": {
      "item": "minecraft:diamond_chestplate"
    },
    "title": {
      "text": "Legendary Armor",
      "color": "dark_purple",
      "italic": false
    },
    "description": {
      "text": "Offense is only as good as one's defense. These armors contain incredible power, use them well.",
      "color": "gray",
      "italic": false
    },
    "frame": "task",
    "show_toast": false,
    "announce_to_chat": false,
    "hidden": false
  },
  "parent": "weapons:equipment",
  "criteria": {
    "requirement": {
      "trigger": "minecraft:location",
      "conditions": {
        "player": [
          {
            "condition": "minecraft:location_check",
            "predicate": {
              "dimension": "minecraft:overworld"
            }
          }
        ]
      }
    }
  }
}
