{
    "criteria": {
        "requirement": {
            "trigger": "minecraft:inventory_changed",
            "conditions": {
                "items": [
                    {
                        "nbt":"{Malevolentia2:1b}"
                    }
                ]
            }
        }
    },
    "rewards": {
        "recipes": [
            "weapons:malevolentia"
        ],
        "function":"weapons:advancement/mal"
    },
    "display": {
        "title": {
            "color": "gold",
            "text": "Malevolentia ✪"
        },
        "description": {
            "text": "Upgraded Malevolentia, Maelihs’ cast aside weapon",
            "color": "gray"
        },
        "icon": {
            "item": "minecraft:pig_spawn_egg"
        },
        "frame": "task",
        "show_toast": true,
        "announce_to_chat": true,
        "hidden": true
    },
    "parent": "weapons:zenith2"
}