{
    "rewards": {
        "recipes": [
            "weapons:oblivion"
        ],
        "function":"weapons:advancement/obv"
    },
    "display": {
        "title": {
            "color": "gold",
            "text": "Oblivion ✪"
        },
        "description": {
            "text": "Upgraded Oblivion, THE TRUE SCYTHE THAT DESTROYED AVSOHM",
            "color": "gray"
        },
        "icon": {
            "item": "minecraft:sheep_spawn_egg"
        },
        "frame": "task",
        "show_toast": true,
        "announce_to_chat": true,
        "hidden": true
    },
    "criteria": {
        "requirement": {
            "trigger": "minecraft:inventory_changed",
            "conditions": {
                "items": [
                    {
                        "nbt":"{Oblivion2:1b}"
                    }
                ]
            }
        }
    },
    "parent": "weapons:malevolentia2"
}