{
    "rewards": {
        "recipes": [
            "weapons:pearl"
        ],
        "function":"weapons:pearl"
    },
    "criteria": {
        "requirement": {
            "trigger": "minecraft:inventory_changed",
            "conditions": {
                "items": [
                    {
                        "nbt":"{pearl:1b}"
                    }
                ]
            }
        }
    },
    "display": {
        "title": {
            "color": "dark_purple",
            "text": "Pearlescence"
        },
        "description": {
            "color": "gray",
            "text": "Recipe for Pearlescence, Dahr's crowning gem unlocked."
        },
        "icon": {
            "item": "minecraft:frog_spawn_egg"
        },
        "frame": "task",
        "show_toast": true,
        "announce_to_chat": true,
        "hidden": true
    },
    "parent": "weapons:parenchyma"
}