{
    "criteria": {
        "requirement": {
            "trigger": "minecraft:inventory_changed",
            "conditions": {
                "items": [
                    {
                        "nbt":"{Shade:1b}"
                    }
                ]
            }
        }
    },
    "rewards": {
        "recipes": [
            "weapons:penumbra"
        ],
        "function":"weapons:penumbra"
    },
    "display": {
        "title": {
            "text": "Penumbra",
            "color": "dark_purple"
        },
        "description": {
            "color": "gray",
            "text": "Recipe for Penumbra, amplifying legwear of Tharhan’s protectors, unlocked. "
        },
        "icon": {
            "item": "minecraft:enderman_spawn_egg"
        },
        "frame": "task",
        "show_toast": true,
        "announce_to_chat": true,
        "hidden": true
    },
    "parent": "weapons:aeongale"
}