{
    "display": {
        "title": {
            "text": "Rehntite Plate Mail",
            "color": "dark_purple"
        },
        "description": {
            "text": "Recipe for Rehntite Plate Mail, experimental armor of Avsohmic arcanists, unlocked.",
            "color": "gray"
        },
        "icon": {
            "item": "minecraft:horse_spawn_egg"
        },
        "frame": "task",
        "show_toast": true,
        "announce_to_chat": true,
        "hidden": true
    },
    "criteria": {
        "requirement": {
            "trigger": "minecraft:inventory_changed",
            "conditions": {
                "items": [
                    {
                        "nbt":"{Platemail:1b}"
                    }
                ]
            }
        }
    },
    "rewards": {
        "recipes": [
            "weapons:platemail"
        ],
        "function":"weapons:platemail"
    },
    "parent": "weapons:glider"
}