{
    "display": {
        "announce_to_chat": true,
        "frame": "task",
        "icon": {
            "item": "minecraft:ghast_spawn_egg"
        },
        "hidden": true,
        "description": {
            "text": "Recipe for Pure Corruption, helm of the fanatical, unlocked.",
            "color": "gray"
        },
        "show_toast": true,
        "title": {
            "color": "dark_purple",
            "text": "Pure Corruption"
        }
    },
    "criteria": {
        "requirement": {
            "trigger": "minecraft:inventory_changed",
            "conditions": {
                "items": [
                    {
                        "nbt":"{PureCorruption:1b}"
                    }
                ]
            }
        }
    },
    "rewards": {
        "recipes": [
            "weapons:purecorruption"
        ],
        "function":"weapons:pure_corruption"
    },
    "parent": "weapons:legendary_armor"
}