{
    "criteria": {
        "requirement": {
            "trigger": "minecraft:inventory_changed",
            "conditions": {
                "items": [
                    {
                        "nbt":"{Skyrend:1b}"
                    }
                ]
            }
        }
    },
    "rewards": {
        "function": "weapons:advancement/skyrend"
    },
    "display": {
        "frame": "task",
        "announce_to_chat": true,
        "icon": {
            "item": "mythicmetals:aquarium_ingot"
        },
        "title": {
            "color": "gold",
            "text": "Skyrend"
        },
        "description": {
            "color": "gray",
            "text": "Obtained an Upgrade Component"
        },
        "hidden": true,
        "show_toast": true
    },
    "parent": "weapons:despair"
}