{
    "rewards": {
        "recipes": [
            "weapons:starry"
        ],
        "function":"weapons:starry"
    },
    "criteria": {
        "requirement": {
            "trigger": "minecraft:inventory_changed",
            "conditions": {
                "items": [
                    {
                        "nbt":"{starry:1b}"
                    }
                ]
            }
        }
    },
    "display": {
        "title": {
            "color": "dark_purple",
            "text": "As Foretold"
        },
        "description": {
            "color": "gray",
            "text": "Recipe for the prophecy foretold by the drake of the stars, unlocked."
        },
        "icon": {
            "item": "minecraft:cave_spider_spawn_egg"
        },
        "frame": "task",
        "show_toast": true,
        "announce_to_chat": true,
        "hidden": true
    },
    "parent": "weapons:vohaln"
}