{
    "display": {
        "title": {
            "text": "Stasis Bolts",
            "color": "dark_purple"
        },
        "description": {
            "text": "Recipe for a quiver of Stasis Bolts, gift of Khive, unlocked.",
            "color": "gray"
        },
        "icon": {
            "item": "minecraft:fox_spawn_egg"
        },
        "frame": "task",
        "show_toast": true,
        "announce_to_chat": true,
        "hidden": true
    },
    "criteria": {
        "requirement": {
            "trigger": "minecraft:inventory_changed",
            "conditions": {
                "items": [
                    {
                        "nbt":"{StasisBolt:1b}"
                    }
                ]
            }
        }
    },
    "rewards": {
        "recipes": [
            "weapons:stasis_bolt"
        ],
        "function":"weapons:stasis_bolt"
    },
    "parent": "weapons:eldermead"
}