{
    "criteria": {
        "requirement": {
            "trigger": "minecraft:inventory_changed",
            "conditions": {
                "items": [
                    {
                        "nbt":"{Void:1b}"
                    }
                ]
            }
        }
    },
    "rewards": {
        "function": "weapons:advancement/void"
    },
    "display": {
        "frame": "task",
        "announce_to_chat": true,
        "icon": {
            "item": "mythicmetals:durasteel_pickaxe"
        },
        "title": {
            "color": "dark_purple",
            "text": "Void Breaker"
        },
        "description": {
            "color": "gray",
            "text": "Obtained the Legendary Void Pickaxe"
        },
        "hidden": true,
        "show_toast": true
    },
    "parent": "weapons:hovad"
}