{
    "criteria": {
      "requirement": {
        "trigger": "minecraft:location",
        "conditions": {
          "player": [
            {
              "condition": "minecraft:location_check",
              "predicate": {
                "position": {
                    "x": {
                        "min":1153,
                        "max":1156
                    },
                    "y": {
                        "min":119,
                        "max":124
                    },
                    "z": {
                        "min":1039,
                        "max":1040
                  }
                },
                "dimension": "minecraft:lodahr"
              }
            }
          ]
        }
      }
    },
    "rewards": {
      "function": "core:scene/rihelma_puzzle/detection/corner"
    }
  }
  