{
  "display": {
    "icon": {
      "item": "mythicmetals:runite_sword"
    },
    "title": {
      "text": "Oneiromantic Archeology",
      "color": "light_purple",
      "bold": false
    },
    "description": {
      "text": "Assisted in the research of the Primal Caverns. - Completed Major's quest",
      "color": "gray"
    },
    "frame": "task",
    "show_toast": true,
    "announce_to_chat": true,
    "hidden": true
  },
  "criteria": {
    "overworld": {
      "trigger": "minecraft:impossible",
      "conditions": {}
    }
        },
    "rewards": {
      "function": "dlc:advancement/archeology"
  },
  "parent": "dlc:quests"
}
