{
    "display": {
      "icon": {
        "item": "minecraft:deepslate_tiles"
      },
      "title": {
        "text": "Inside the Wreckage",
        "color": "#810f20",
        "italic": false
      },
      "description": {
        "text": "Carrying all manner of powerful substances on behalf of Red Dawn, this massive ship has sat undisturbed on the ocean floor since the day that Avsohm fell. - Entered the Dreadnought",
        "color": "gray",
        "italic": false
      },
      "frame": "task",
      "show_toast": true,
      "announce_to_chat": true,
      "hidden": true
    },
    "parent": "dlc:discoveries",
    "criteria": {
      "requirement": {
        "trigger": "minecraft:location",
        "conditions": {
          "player": [
            {
              "condition": "minecraft:location_check",
              "predicate": {
                "position": {
                 "x": {
                     "min": 27501,
                     "max": 27513          
                 },
                 "y": {
                   "min": 149,
                   "max": 168
                 },
                 "z": {
                   "min": 950,
                   "max": 976
                  }
                },
                "dimension": "minecraft:overworld"
              }
            }
          ]
        }
      }
    },
    "rewards": {
      "function": "dlc:advancement/dreadnaught"
    }
  }
  