{
  "display": {
    "icon": {
      "item": "minecraft:jigsaw"
    },
    "title": {
      "text": "The Good Stuff",
      "color": "red",
      "bold": false
    },
    "description": {
      "text": "Brought top-shelf goods to a boisterous figure in Dusps. - Completed Gragas' quest",
      "color": "gray"
    },
    "frame": "task",
    "show_toast": true,
    "announce_to_chat": true,
    "hidden": true
  },
  "criteria": {
    "overworld": {
      "trigger": "minecraft:impossible",
      "conditions": {}
    }
        },
    "rewards": {
      "function": "dlc:advancement/gragas"
  },
  "parent": "dlc:quests"
}
