{
  "display": {
    "icon": {
            "item": "minecraft:command_block",
            "nbt": "{CustomModelData:1002000}"
    },
    "title": {
      "text": "Keeper of the Faith",
      "color": "#94f756",
      "bold": false
    },
    "description": {
      "text": "Your faith shall be rewarded. - Fully proved your devotion to one of the realm's many gods.",
      "color": "gray"
    },
    "frame": "task",
    "show_toast": true,
    "announce_to_chat": true,
    "hidden": true
  },
  "criteria": {
    "overworld": {
      "trigger": "minecraft:impossible",
      "conditions": {}
    }
  },
  "rewards": {
    "function": "dlc:advancement/keeper"
  },
  "parent": "dlc:discoveries"
}
