{
  "display": {
    "icon": {
      "item": "dlc:eye_of_rot"
    },
    "title": {
      "text": "Crimson Underbelly",
      "color": "dark_red",
      "bold": false
    },
    "description": {
      "text": "Killed three dangerous criminal leaders in Rhaveloth. - Completed Mahkar's quest",
      "color": "gray"
    },
    "frame": "task",
    "show_toast": true,
    "announce_to_chat": true,
    "hidden": true
  },
  "criteria": {
    "overworld": {
      "trigger": "minecraft:impossible",
      "conditions": {}
    }
        },
    "rewards": {
      "function": "dlc:advancement/mahkar"
  },
  "parent": "dlc:quests"
}
