{
  "display": {
    "icon": {
      "item": "mythicmetals:orichalcum_axe"
    },
    "title": {
      "text": "Honorary Melon Masher",
      "color": "dark_green",
      "bold": false
    },
    "description": {
      "text": "Involved yourself in a shady business in Gozak. - Completed Casey's quest",
      "color": "gray"
    },
    "frame": "task",
    "show_toast": true,
    "announce_to_chat": true,
    "hidden": true
  },
  "criteria": {
    "overworld": {
      "trigger": "minecraft:impossible",
      "conditions": {}
    }
        },
    "rewards": {
      "function": "dlc:advancement/melon"
  },
  "parent": "dlc:study"
}
