{
  "display": {
    "icon": {
            "item": "minecraft:command_block",
            "nbt": "{CustomModelData:1002003}"
    },
    "title": {
      "text": "Polytheism",
      "color": "#63f707",
      "bold": false
    },
    "description": {
      "text": "In an age of fracture and decay, the breadth of your faith is a refreshing reminder of the cooperation that once defined this world. The Prismatic Council looks upon you with great favor. - Fully proved your devotion to all Deities and Aspects.",
      "color": "gray"
    },
    "frame": "task",
    "show_toast": true,
    "announce_to_chat": true,
    "hidden": true
  },
  "criteria": {
    "overworld": {
      "trigger": "minecraft:impossible",
      "conditions": {}
    }
  },
  "rewards": {
    "function": "dlc:advancement/polytheism"
  },
  "parent": "dlc:keeper"
}
