{
  "display": {
    "icon": {
      "item": "fwaystones:abyss_watcher"
    },
    "title": {
      "text": "Reforged",
      "color": "#cd42ff",
      "italic": false
    },
    "description": {
      "text": "For those who seek more, there is always another horizon to chase.",
      "color": "green",
      "italic": false
    },
    "background": "minecraft:textures/block/crying_obsidian.png",
    "frame": "task",
    "show_toast": true,
    "announce_to_chat": true,
    "hidden": false
  },
    "criteria": {
      "requirement": {
        "trigger": "minecraft:location",
        "conditions": {
          "player": [
            {
              "condition": "minecraft:location_check",
              "predicate": {
                "dimension": "minecraft:overworld"
              }
            }
          ]
        }
      }
    }
  }
  