{
    "display": {
      "icon": {
        "item": "additionaladditions:mysterious_bundle"
      },
      "title": {
        "text": "Roll the Dice",
        "color": "#1e782d",
        "italic": false
      },
      "description": {
        "text": "Feeling lucky? - Opened a Runic Hoard",
        "color": "gray",
        "italic": false
      },
      "frame": "task",
      "show_toast": true,
      "announce_to_chat": true,
    "hidden": true
  },
  "criteria": {
    "overworld": {
      "trigger": "minecraft:impossible",
      "conditions": {}
    }
  },
  "rewards": {
    "function": "dlc:advancement/runic"
  },
  "parent": "dlc:discoveries"
}
