{
  "display": {
    "icon": {
      "item": "minecraft:writable_book"
    },
    "title": {
      "text": "A Studious Mind",
      "color": "aqua",
      "bold": false
    },
    "description": {
      "text": "Brought a curious scholar some new reading in Mohta. - Completed Russell's quest",
      "color": "gray"
    },
    "frame": "task",
    "show_toast": true,
    "announce_to_chat": true,
    "hidden": true
  },
  "criteria": {
    "overworld": {
      "trigger": "minecraft:impossible",
      "conditions": {}
    }
        },
    "rewards": {
      "function": "dlc:advancement/study"
  },
  "parent": "dlc:cold"
}
