{
  "display": {
    "icon": {
      "item": "mythicmetals:adamantite_leggings"
    },
    "title": {
      "text": "Tidal Heist",
      "color": "white",
      "bold": false
    },
    "description": {
      "text": "Stole the Tide Queen's blade for a renegade in Firteid. - Completed Dredd'Lohk's quest",
      "color": "gray"
    },
    "frame": "task",
    "show_toast": true,
    "announce_to_chat": true,
    "hidden": true
  },
  "criteria": {
    "overworld": {
      "trigger": "minecraft:impossible",
      "conditions": {}
    }
        },
    "rewards": {
      "function": "dlc:advancement/tidal"
  },
  "parent": "dlc:chris"
}
