{
    "criteria": {
      "requirement": {
        "trigger": "minecraft:item_used_on_block",
        "conditions": {
          "player": [
            {
              "condition": "minecraft:entity_properties",
              "entity": "this",
              "predicate": {}
            }
          ],
          "location": [
            {
              "condition": "minecraft:location_check",
              "predicate": {
                "position": {
                    "x":3122.5,  
                    "y":105.5,
                    "z":-549.5
                },
                "dimension": "minecraft:overworld"
              }
            },
            {
              "condition": "minecraft:block_state_property",
              "block": "minecraft:polished_blackstone_button",
              "properties": {
                "powered": "true"
              }
            }
          ]
        }
      }
    },
    "rewards": {
      "function": "core:scene/godmachine/enable"
    }
  }
  