{
  "display": {
    "icon": {
      "item": "minecraft:crying_obsidian"
    },
    "title": {
      "text": "Flawless",
      "color": "gold",
      "bold": false
    },
    "description": {
      "text": "Memorize and execute. - Defeat the Emissary with NoHit active.",
      "color": "gray"
    },
    "frame": "task",
    "show_toast": true,
    "announce_to_chat": true,
    "hidden": true
  },
  "criteria": {
    "overworld": {
      "trigger": "minecraft:impossible",
      "conditions": {}
    }
  },
  "rewards": {
    "function": "players:misc/mystery_root"
  },
  "parent": "advancements:mystery/root"
}
