{
    "display": {
      "icon": {
        "item": "minecraft:end_portal_frame"
      },
      "title": {
        "text": "Emotional Binding",
        "color": "gold",
        "bold": false
      },
      "description": {
        "text": "Bring more. Remove the risk. - Bind a Fervor Stone to a Mythical item.",
        "color": "gray"
      },
      "frame": "task",
      "show_toast": true,
      "announce_to_chat": true,
      "hidden": true
    },
    "criteria": {
      "overworld": {
        "trigger": "minecraft:impossible",
        "conditions": {}
      }
    },
    "parent": "advancements:mystery/root"
  }
  