{
    "display": {
      "icon": {
        "item": "minecraft:ender_eye"
      },
      "title": {
        "text": "And In The Light, Bind Them",
        "color": "gold",
        "bold": false
      },
      "description": {
        "text": "Oh, I shall be tempted. - Fully upgrade all eight Mythicals with Fervor Stones.",
        "color": "gray"
      },
      "frame": "task",
      "show_toast": true,
      "announce_to_chat": true,
      "hidden": true
    },
    "criteria": {
      "overworld": {
        "trigger": "minecraft:impossible",
        "conditions": {}
      }
    },
    "rewards": {
      "function": "players:misc/mystery_mstoneall"
    },
    "parent": "advancements:mystery/mstone3"
  }
  