{
  "display": {
    "icon": {
      "item": "minecraft:netherite_ingot"
    },
    "title": {
      "text": "Meteorophobia",
      "color": "gold",
      "bold": false
    },
    "description": {
      "text": "Fear cannot stop me! - Acquire a full set of Celestial Armor without ever going to Lo’Dahr.",
      "color": "gray"
    },
    "frame": "task",
    "show_toast": true,
    "announce_to_chat": true,
    "hidden": true
  },
  "criteria": {
    "overworld": {
      "trigger": "minecraft:impossible",
      "conditions": {}
    }
  },
  "rewards": {
    "function": "players:misc/mystery_meteor"
  },
  "parent": "advancements:mystery/root"
}
