{
  "display": {
    "icon": {
      "item": "minecraft:beacon"
    },
    "title": {
      "text": "Powered Up",
      "color": "gold",
      "bold": false
    },
    "description": {
      "text": "Unbound Potentia! - Unleash the true potential of the Terminus Upgrade Station.",
      "color": "gray"
    },
    "frame": "task",
    "show_toast": true,
    "announce_to_chat": true,
    "hidden": true
  },
  "criteria": {
    "overworld": {
      "trigger": "minecraft:impossible",
      "conditions": {}
    }
  },
  "rewards": {
    "function": "players:misc/mystery_power"
  },
  "parent": "advancements:mystery/root"
}
