{
    "display": {
      "icon": {
        "item": "minecraft:purple_stained_glass"
      },
      "title": {
        "text": "Augural Tangle",
        "color": "light_purple"
      },
      "description": {
        "text": "Its cosmic crystals are mysterious refractions of worlds and times unknown, seen by the piercing mind of the enigmatic Aspect of Sky. - Discovered the Augural Tangle",
        "color": "gray",
        "italic": false
      },
      "frame": "task",
      "show_toast": true,
      "announce_to_chat": true,
      "hidden": true
    },
    "parent": "advancements:discoveries/starrise",
    "criteria": {
      "location": {
        "trigger": "minecraft:location",
        "conditions": {
          "player": [
            {
              "condition": "minecraft:any_of",
              "terms": [
                {
                  "condition": "minecraft:location_check",
                  "predicate": {
                    "position": {
                      "x": {
                        "min": 850,
                        "max": 889
                      },
                      "y": {
                        "min": 20,
                        "max": 60
                      },
                      "z": {
                        "min": 1142,
                        "max": 1180
                      }
                    },
                    "dimension": "minecraft:lodahr"
                  }
                },
                {
                  "condition": "minecraft:location_check",
                  "predicate": {
                    "position": {
                      "x": {
                        "min": 861,
                        "max": 891
                      },
                      "y": {
                        "min": 35,
                        "max": 68
                      },
                      "z": {
                        "min": 1143,
                        "max": 1196
                      }
                    },
                    "dimension": "minecraft:lodahr"
                  }
                },
                {
                  "condition": "minecraft:location_check",
                  "predicate": {
                    "position": {
                      "x": {
                        "min": 890,
                        "max": 897
                      },
                      "y": {
                        "min": 20,
                        "max": 38
                      },
                      "z": {
                        "min": 1145,
                        "max": 1152
                      }
                    },
                    "dimension": "minecraft:lodahr"
                  }
                }
              ]
            }
          ]
        }
      }
    }
  }
  