{
  "display": {
    "icon": {
      "item": "minecraft:bread"
    },
    "title": {
      "text": "Upper-Upper Class",
      "color": "purple",
      "italic": false
    },
    "description": {
      "text": "A historic palace-fortress, it is the traditional nexus of Akhlo’Rohman political and alchemical power. What strange and sinister events may be occurring behind its multicolored walls? - Discovered Ancehl Castle",
      "color": "gray",
      "italic": false
    },
    "frame": "task",
    "show_toast": true,
    "announce_to_chat": true,
    "hidden": true
  },
  "parent": "advancements:discoveries/arbiter",
  "criteria": {
    "requirement": {
      "trigger": "minecraft:location",
      "conditions": {
        "player": [
          {
            "condition": "minecraft:location_check",
            "predicate": {
              "position": {
                "x": {
                  "min": 1437,
                  "max": 1562
                },
                "y": {
                  "min": 136,
                  "max": 210
                },
                "z": {
                  "min": -2030,
                  "max": -1912
                }
              },
              "dimension": "minecraft:overworld"
            }
          }
        ]
      }
    }
  },
  "rewards": {
    "experience": 40
  }
}
