{
    "display": {
      "icon": {
        "item": "minecraft:waxed_weathered_copper"
      },
      "title": {
        "text": "I.C.S. Arbiter",
        "color": "dark_aqua",
        "italic": false
      },
      "description": {
        "text": "Insohm’s influence once spanned the entire continent, now they are confined to one city and this measly vessel. Oh, how the great have fallen. - Discovered the I.C.S. Arbiter",
        "color": "gray",
        "italic": false
      },
      "frame": "task",
      "show_toast": true,
      "announce_to_chat": true,
      "hidden": true
    },
    "parent": "advancements:discoveries/hovadchear",
    "criteria": {
      "requirement": {
        "trigger": "minecraft:location",
        "conditions": {
          "player": [
            {
              "condition": "minecraft:location_check",
              "predicate": {
                "position": {
                    "x": {
                        "min": -493,
                        "max": -461
                    },
                    "y": {
                        "min": 70,
                        "max": 128
                    },
                    "z": {
                        "min": -1970,
                        "max": -1874
                  }
                },
                "dimension": "minecraft:overworld"
              }
            }
          ]
        }
      }
    },
    "rewards": {
      "experience": 40
    }
  }
  