{
    "display": {
      "icon": {
        "item": "minecraft:redstone_block"
      },
      "title": {
        "text": "Rip & Tear!",
        "color": "dark_gray",
        "italic": false
      },
      "description": {
        "text": "They... are rage. Brutal, without mercy. But you... you will be worse. - Entered the Arena",
        "color": "gray",
        "italic": false
      },
      "frame": "task",
      "show_toast": true,
      "announce_to_chat": true,
      "hidden": true
    },
    "parent": "advancements:discoveries/foundry",
    "criteria": {
      "requirement": {
        "trigger": "minecraft:location",
        "conditions": {
          "player": [
            {
              "condition": "minecraft:location_check",
              "predicate": {
                "position": {
                  "x": {
                    "min": -3309,
                    "max": -3272
                  },
                  "y": {
                    "min": 100,
                    "max": 120
                  },
                  "z": {
                    "min": 1544,
                    "max": 1577
                  }
                },
                "dimension": "minecraft:overworld"
              }
            }
          ]
        }
      }
    },
    "rewards": {
      "experience": 40
    }
  }
  