{
    "display": {
      "icon": {
        "item": "minecraft:cracked_stone_bricks"
      },
      "title": {
        "text": "Remnant of Avsohm",
        "color": "light_purple",
        "italic": false
      },
      "description": {
        "text": "Once Avsohm's great capital city, it is now merely a remnant of an idyllic golden age. - Discovered Av'Sal",
        "color": "gray",
        "italic": false
      },
      "frame": "task",
      "show_toast": true,
      "announce_to_chat": true,
      "hidden": true
    },
    "parent": "advancements:discoveries/landmarks",
    "criteria": {
      "": {
        "trigger": "minecraft:location",
        "conditions": {
          "player": [
            {
              "condition": "minecraft:any_of",
              "terms": [
                {
                  "condition": "minecraft:location_check",
                  "predicate": {
                    "position": {
                      "x": {
                        "min": -483,
                        "max": -283
                      },
                      "y": {
                        "min": 90,
                        "max": 255
                      },
                      "z": {
                        "min": 1430,
                        "max": 1638
                      }
                    }
                  }
                },
                {
                  "condition": "minecraft:location_check",
                  "predicate": {
                    "position": {
                      "x": {
                        "min": -79,
                        "max": 10
                      },
                      "y": {
                        "min": 80,
                        "max": 255
                      },
                      "z": {
                        "min": 1656,
                        "max": 1800
                      }
                    }
                  }
                },
                {
                  "condition": "minecraft:location_check",
                  "predicate": {
                    "position": {
                      "x": {
                        "min": -370,
                        "max": -79
                      },
                      "y": {
                        "min": 0,
                        "max": 255
                      },
                      "z": {
                        "min": 1741,
                        "max": 1857
                      }
                    }
                  }
                },
                {
                  "condition": "minecraft:location_check",
                  "predicate": {
                    "position": {
                      "x": {
                        "min": -360,
                        "max": -284
                      },
                      "y": {
                        "min": 0,
                        "max": 255
                      },
                      "z": {
                        "min": 1391,
                        "max": 1485
                      }
                    }
                  }
                },
                {
                  "condition": "minecraft:location_check",
                  "predicate": {
                    "position": {
                      "x": {
                        "min": -442,
                        "max": -19
                      },
                      "y": {
                        "min": 0,
                        "max": 255
                      },
                      "z": {
                        "min": 1440,
                        "max": 1800
                      }
                    }
                  }
                }
              ]
            }
          ]
        }
      }
    },
    "rewards": {
      "experience": 60
    }
  }
  