{
    "display": {
      "icon": {
        "item": "minecraft:enchanted_book"
      },
      "title": {
        "text": "Vault of Knowledge",
        "color": "yellow",
        "italic": false
      },
      "description": {
        "text": "Avsohm stored scores of knowledge within expansive hidden libraries and vaults across the realm. - Discovered the last Avsohmic Vault",
        "color": "gray",
        "italic": false
      },
      "frame": "task",
      "show_toast": true,
      "announce_to_chat": true,
      "hidden": true
    },
    "parent": "advancements:discoveries/moon",
    "criteria": {
      "requirement": {
        "trigger": "minecraft:location",
        "conditions": {
          "player": [
            {
              "condition": "minecraft:location_check",
              "predicate": {
                "position": {
                    "x": {
                        "max": -3609,
                        "min": -3656
                    },
                    "y": {
                        "max": 255,
                        "min": 0
                    },
                    "z": {
                        "max": -1192,
                        "min": -1212
                  }
                },
                "dimension": "minecraft:overworld"
              }
            }
          ]
        }
      }
    },
    "rewards": {
      "experience": 55
    }
  }
  