{
    "display": {
      "icon": {
        "item": "minecraft:coal"
      },
      "title": {
        "text": "The Burnt Palace",
        "color": "dark_gray",
        "italic": false
      },
      "description": {
        "text": "Few have entered the Burnt Palace and left to tell the tale. May Virtuo be with ye. - Discovered the Burnt Palace",
        "color": "gray",
        "italic": false
      },
      "frame": "task",
      "show_toast": true,
      "announce_to_chat": true,
      "hidden": true
    },
    "parent": "advancements:discoveries/hellcrags",
    "criteria": {
      "requirement": {
        "trigger": "minecraft:location",
        "conditions": {
          "player": [
            {
              "condition": "minecraft:location_check",
              "predicate": {
                "position": {
                    "x": {
                        "min": -4007,
                        "max": -3897
                    },
                    "y": {
                        "min": 0,
                        "max": 255
                    },
                    "z": {
                        "min": 5939,
                        "max": 6040
                  }
                },
                "dimension": "minecraft:overworld"
              }
            }
          ]
        }
      }
    },
    "rewards": {
      "experience": 55
    }
  }
  