{
    "display": {
      "icon": {
        "item": "minecraft:prismarine_bricks"
      },
      "title": {
        "text": "All That Remains",
        "color": "dark_aqua",
        "italic": false
      },
      "description": {
        "text": "Avsohm was highly technologically advanced, yet they still fell to ruin. - Discovered the Exodus Citadel",
        "color": "gray",
        "italic": false
      },
      "frame": "task",
      "show_toast": true,
      "announce_to_chat": true,
      "hidden": true
    },
    "parent": "advancements:discoveries/salmevir",
    "criteria": {
      "requirement": {
        "trigger": "minecraft:location",
        "conditions": {
          "player": [
            {
              "condition": "minecraft:location_check",
              "predicate": {
                "position": {
                    "x": {
                        "min": -2631,   
                        "max": -2546
                    },
                    "y": {
                        "min": 0,
                        "max": 255
                    },
                    "z": {
                        "min": 2276,
                        "max": 2361
                  }
                },
                "dimension": "minecraft:overworld"
              }
            }
          ]
        }
      }
    },
    "rewards": {
      "experience": 112
    }
  }
  