{
    "display": {
      "icon": {
        "item": "minecraft:ice"
      },
      "title": {
        "text": "Finders Keepers",
        "color": "white",
        "italic": false
      },
      "description": {
        "text": "Mighty pillars stand out against the cold gray sky. - Discovered the Duke’s Royal Pala…ahem… Crystalline Colonnade, sacred place of Loe",
        "color": "gray",
        "italic": false
      },
      "frame": "task",
      "show_toast": true,
      "announce_to_chat": true,
      "hidden": true
    },
    "parent": "advancements:discoveries/shrine",
    "criteria": {
      "": {
        "trigger": "minecraft:location",
        "conditions": {
          "player": [
            {
              "condition": "minecraft:any_of",
              "terms": [
                {
                  "condition": "minecraft:location_check",
                  "predicate": {
                    "position": {
                        "x": {
                            "min": 1020,
                            "max": 1033
                        },
                        "y": {
                            "min": 97,
                            "max": 118
                        },
                        "z": {
                            "min": -3014,
                            "max": -3001
                      }
                    },
                    "dimension": "minecraft:overworld"
                  }
                },
                {
                  "condition": "minecraft:location_check",
                  "predicate": {
                    "position": {
                        "x": {
                            "min": 1032,
                            "max": 1036
                        },
                        "y": {
                            "min": 97,
                            "max": 118
                        },
                        "z": {
                            "min": -3010,
                            "max": -3004
                      }
                    },
                    "dimension": "minecraft:overworld"
                  }
                }
              ]
            }
          ]
        }
      }
    },
    "rewards": {
      "experience": 55
    }
  }
  