{
    "display": {
      "icon": {
        "item": "minecraft:fire_charge"
      },
      "title": {
        "text": "This place was beautiful, once",
        "color": "dark_red",
        "italic": false
      },
      "description": {
        "text": "Half the Heartwood, gone in an instant. - Discovered the epicenter of Mael’s Desolation",
        "color": "gray",
        "italic": false
      },
      "frame": "task",
      "show_toast": true,
      "announce_to_chat": true,
      "hidden": true
    },
    "parent": "advancements:discoveries/landmarks",
    "criteria": {
      "requirement": {
        "trigger": "minecraft:location",
        "conditions": {
          "player": [
            {
              "condition": "minecraft:location_check",
              "predicate": {
                "position": {
                    "x": {
                        "min": 795,
                        "max": 1233
                    },
                    "y": {
                        "min": 0,
                        "max": 255
                    },
                    "z": {
                        "min": 3600,
                        "max": 4015
                  }
                },
                "dimension": "minecraft:overworld"
              }
            }
          ]
        }
      }
    }
  }
  