{
    "display": {
      "icon": {
        "item": "minecraft:grass_block"
      },
      "title": {
        "text": "Children of Drehmal",
        "color": "dark_green",
        "italic": false
      },
      "description": {
        "text": "All Drehmari are welcome here. Stay and rest, tomorrow can wait. - Discover Drabyel",
        "color": "gray",
        "italic": false
      },
      "frame": "task",
      "show_toast": true,
      "announce_to_chat": true,
      "hidden": true
    },
    "parent": "advancements:discoveries/civilization",
    "criteria": {
      "requirement": {
        "trigger": "minecraft:location",
        "conditions": {
          "player": [
            {
              "condition": "minecraft:location_check",
              "predicate": {
                "position": {
                  "x": {
                    "min": 502,
                    "max": 580
                },
                "y": {
                    "min": 0,
                    "max": 150
                },
                "z": {
                    "min": 1800,
                    "max": 1889
                  }
                },
                "dimension": "minecraft:overworld"
              }
            }
          ]
        }
      }
    }
  }
  