{
    "display": {
      "icon": {
        "item": "minecraft:coal_block"
      },
      "title": {
        "text": "Children of Mael",
        "color": "dark_red",
        "italic": false
      },
      "description": {
        "text": "Perhaps one day they will break free from the chains Maelihs has put upon them. - Discovered Ebonrun",
        "color": "gray",
        "italic": false
      },
      "frame": "task",
      "show_toast": true,
      "announce_to_chat": true,
      "hidden": true
    },
    "parent": "advancements:discoveries/dusps",
    "criteria": {
      "requirement": {
        "trigger": "minecraft:location",
        "conditions": {
          "player": [
            {
              "condition": "minecraft:location_check",
              "predicate": {
                "position": {
                    "x": {
                        "max": -2928,
                        "min": -3034
                    },
                    "y": {
                        "max": 225,
                        "min": 116
                    },
                    "z": {
                        "max": -142,
                        "min": -245
                  }
                },
                "dimension": "minecraft:overworld"
              }
            }
          ]
        }
      }
    }
  }
  