{
    "display": {
      "icon": {
        "item": "minecraft:anvil"
      },
      "title": {
        "text": "The Foundry",
        "color": "dark_aqua",
        "italic": false
      },
      "description": {
        "text": "This bridge was said to be an important part of Avsohm’s industry, but its purpose has been lost to time. - Discovered the Foundry",
        "color": "gray",
        "italic": false
      },
      "frame": "task",
      "show_toast": true,
      "announce_to_chat": true,
      "hidden": true
    },
    "parent": "advancements:discoveries/avsal",
    "criteria": {
      "": {
        "trigger": "minecraft:location",
        "conditions": {
          "player": [
            {
              "condition": "minecraft:any_of",
              "terms": [
                {
                  "condition": "minecraft:location_check",
                  "predicate": {
                    "position": {
                        "x": {
                            "min": -3284,
                            "max": -3268
                        },
                        "y": {
                            "min": 152,
                            "max": 175
                        },
                        "z": {
                            "min": 1162,
                            "max": 1545
                      }
                    },
                    "dimension": "minecraft:overworld"
                  }
                },
                {
                  "condition": "minecraft:location_check",
                  "predicate": {
                    "position": {
                        "x": {
                            "min": -3294,
                            "max": -3257
                        },
                        "y": {
                            "min": 155,
                            "max": 169
                        },
                        "z": {
                            "min": 1537,
                            "max": 1574
                      }
                    },
                    "dimension": "minecraft:overworld"
                  }
                }
              ]
            }
          ]
        }
      }
    },
    "rewards": {
      "experience": 40
    }
  }
  