{
    "display": {
      "icon": {
        "item": "minecraft:nether_bricks"
      },
      "title": {
        "text": "Domain of Maelihs",
        "color": "dark_red",
        "italic": false
      },
      "description": {
        "text": "Burnt God of War, Chaos, and Destruction. - Simply walked into the Hellcrags",
        "color": "gray",
        "italic": false
      },
      "frame": "task",
      "show_toast": true,
      "announce_to_chat": true,
      "hidden": true
    },
    "parent": "advancements:discoveries/meat",
    "criteria": {
      "requirement": {
        "trigger": "minecraft:location",
        "conditions": {
          "player": [
            {
              "condition": "minecraft:location_check",
              "predicate": {
                "position": {
                    "x": {
                        "max": -3715,
                        "min": -4405
                    },
                    "y": {
                        "max": 255,
                        "min": 0
                    },
                    "z": {
                        "max": 6220,
                        "min": 5715
                  }
                },
                "dimension": "minecraft:overworld"
              }
            }
          ]
        }
      }
    },
    "rewards": {
      "experience": 160
    }
  }
  