{
    "display": {
      "icon": {
        "item": "minecraft:gold_nugget"
      },
      "title": {
        "text": "Impoverished Nobles",
        "color": "yellow",
        "italic": false
      },
      "description": {
        "text": "Highfall was once exceptionally wealthy, but now trade has ceased and the once-noble people have fallen to poverty. - Discovered Highfall",
        "color": "gray",
        "italic": false
      },
      "frame": "task",
      "show_toast": true,
      "announce_to_chat": true,
      "hidden": true
    },
    "parent": "advancements:discoveries/gozak",
    "criteria": {
      "requirement": {
        "trigger": "minecraft:location",
        "conditions": {
          "player": [
            {
              "condition": "minecraft:location_check",
              "predicate": {
                "position": {
                    "x": {
                        "max": 6209,
                        "min": 5853
                    },
                    "y": {
                        "max": 255,
                        "min": 0
                    },
                    "z": {
                        "max": -1044,
                        "min": -1192
                  }
                },
                "dimension": "minecraft:overworld"
              }
            }
          ]
        }
      }
    },
    "rewards": {
      "function": "players:highfall"
    }
  }
  
  