{
    "display": {
      "icon": {
        "item": "minecraft:blue_ice"
      },
      "title": {
        "text": "Grave of Frost",
        "color": "dark_blue",
        "italic": false
      },
      "description": {
        "text": "A master arcanist of unlimited potentia, he froze the North in rebellion to Avsohm. - Discovered the resting place of Homli Tahsgan",
        "color": "gray",
        "italic": false
      },
      "frame": "task",
      "show_toast": true,
      "announce_to_chat": true,
      "hidden": true
    },
    "parent": "advancements:discoveries/library",
    "criteria": {
      "requirement": {
        "trigger": "minecraft:location",
        "conditions": {
          "player": [
            {
              "condition": "minecraft:location_check",
              "predicate": {
                "position": {
                    "x": {
                        "min": 2241,
                        "max": 2375
                    },
                    "y": {
                        "min": 0,
                        "max": 255
                    },
                    "z": {
                        "min": -3026,
                        "max": -2898
                  }
                },
                "dimension": "minecraft:overworld"
              }
            }
          ]
        }
      }
    },
    "rewards": {
      "experience": 94
    }
  }
  