{
    "display": {
      "icon": {
        "item": "minecraft:stone"
      },
      "title": {
        "text": "Disappearing Act",
        "color": "white",
        "italic": false
      },
      "description": {
        "text": "The Order of Insohm had their headquarters here, now it’s just a crater. What could have done this? - Discovered the Castle Hovadchear Crater",
        "color": "gray",
        "italic": false
      },
      "frame": "task",
      "show_toast": true,
      "announce_to_chat": true,
      "hidden": true
    },
    "parent": "advancements:discoveries/shatterhorn",
    "criteria": {
      "requirement": {
        "trigger": "minecraft:location",
        "conditions": {
          "player": [
            {
              "condition": "minecraft:location_check",
              "predicate": {
                "position": {
                    "x": {
                        "max": 3298,
                        "min": 3148
                    },
                    "y": {
                        "max": 255,
                        "min": 0
                    },
                    "z": {
                        "max": 1907,
                        "min": 1730
                  }
                },
                "dimension": "minecraft:overworld"
              }
            }
          ]
        }
      }
    },
    "rewards": {
      "experience": 55
    }
  }
  