  {
    "display": {
      "icon": {
        "item": "minecraft:spyglass"
      },
      "title": {
        "text": "Secret Sanctum",
        "color": "dark_purple",
        "italic": false
      },
      "description": {
        "text": "A civilization lost to the ravages of time and conquest still retained one secret, until now - Discovered the true Altar of Insight",
        "color": "gray",
        "italic": false
      },
      "frame": "task",
      "show_toast": true,
      "announce_to_chat": true,
      "hidden": true
    },
    "parent": "advancements:discoveries/ancel",
    "criteria": {
      "requirement": {
        "trigger": "minecraft:location",
        "conditions": {
          "player": [
            {
              "condition": "minecraft:location_check",
              "predicate": {
                "position": {
                  "x": {
                    "min": 4092,
                    "max": 4118
                },
                "y": {
                    "min": 105,
                    "max": 118
                },
                "z": {
                    "min": -1580,
                    "max": -1519
                  }
                },
                "dimension": "minecraft:overworld"
              }
            }
          ]
        }
      }
    },
    "rewards": {
      "experience": 40
    }
  }
  