{
  "display": {
    "icon": {
      "item": "minecraft:smooth_red_sandstone"
    },
    "title": {
      "text": "Mystic Gallery",
      "color": "gold",
      "italic": false
    },
    "description": {
      "text": "Khive appraises your accuracy. - Discovered the Mystic Gallery",
      "color": "gray",
      "italic": false
    },
    "frame": "task",
    "show_toast": true,
    "announce_to_chat": true,
    "hidden": true
  },
  "parent": "advancements:discoveries/rihelma",
  "criteria": {
    "requirement": {
      "trigger": "minecraft:location",
      "conditions": {
        "player": [
          {
            "condition": "minecraft:location_check",
            "predicate": {
              "position": {
                "x": {
                    "min": -767,
                    "max": -755
                },
                "y": {
                    "min": 97,
                    "max": 108
                },
                "z": {
                    "min": -797,
                    "max": -785
                }
              },
              "dimension": "minecraft:lodahr"
            }
          }
        ]
      }
    }
  },
  "rewards": {
    "function": "players:misc/enter_trial/khive"
  }
}
