{
    "display": {
      "icon": {
        "item": "minecraft:soul_torch"
      },
      "title": {
        "text": "Pilgrim's Eye",
        "color": "aqua",
        "italic": false
      },
      "description": {
        "text": "The Lady of the Mirror made her home in the center of a turquoise isle, and many others followed. - Discovered the Kiln of Virtuo, sacred place of Virtuo",
        "color": "gray",
        "italic": false
      },
      "frame": "task",
      "show_toast": true,
      "announce_to_chat": true,
      "hidden": true
    },
    "parent": "advancements:discoveries/drehua",
    "criteria": {
      "requirement": {
        "trigger": "minecraft:location",
        "conditions": {
          "player": [
            {
              "condition": "minecraft:location_check",
              "predicate": {
                "position": {
                    "x": {
                        "min": 3260,
                        "max": 3346
                    },
                    "y": {
                        "min": 0,
                        "max": 255
                    },
                    "z": {
                        "min": 3334,
                        "max": 3420
                  }
                },
                "dimension": "minecraft:overworld"
              }
            }
          ]
        }
      }
    },
    "rewards": {
      "experience": 55
    }
  }
  