{
    "display": {
      "icon": {
        "item": "minecraft:magma_block"
      },
      "title": {
        "text": "Brightwyrm’s Caldarium",
        "color": "red",
        "italic": false
      },
      "description": {
        "text": "Lai assays your ingenuity. - Discovered Brightwyrm’s Caldarium",
        "color": "gray",
        "italic": false
      },
      "frame": "task",
      "show_toast": true,
      "announce_to_chat": true,
      "hidden": true
    },
    "parent": "advancements:discoveries/nahyn",
    "criteria": {
      "requirement": {
        "trigger": "minecraft:location",
        "conditions": {
          "player": [
            {
              "condition": "minecraft:location_check",
              "predicate": {
                "position": {
                    "x": {
                        "min": 1049,
                        "max": 1167
                    },
                    "y": {
                        "min": 87,
                        "max": 142
                    },
                    "z": {
                        "min": -1301,
                        "max": -1183
                  }
                },
                "dimension": "minecraft:lodahr"
              }
            }
          ]
        }
      }
    },
    "rewards": {
      "function": "players:misc/enter_trial/lai"
    }
  }
  