{
    "display": {
      "icon": {
        "item": "minecraft:filled_map"
      },
      "title": {
        "text": "Landmarks",
        "color": "blue",
        "italic": false
      },
      "description": {
        "text": "These places are rich with history, what secrets might they hold?",
        "color": "gray",
        "italic": false
      },
      "background": "minecraft:textures/gui/advancements/backgrounds/stone.png",
      "frame": "task",
      "show_toast": false,
      "announce_to_chat": false,
      "hidden": false
    },
    "parent": "advancements:discoveries/root",
    "criteria": {
      "requirement": {
        "trigger": "minecraft:location",
        "conditions": {
          "player": [
            {
              "condition": "minecraft:location_check",
              "predicate": {
                "dimension": "minecraft:overworld"
              }
            }
          ]
        }
      }
    }
  }
  