{
    "display": {
      "icon": {
        "item": "minecraft:bookshelf"
      },
      "title": {
        "text": "The Insohmic Library",
        "color": "white",
        "italic": false
      },
      "description": {
        "text": "After the disappearance of Castle Hovadchear, this was the Order of Insohm's headquarters. - Discovered the Old Library Tower",
        "color": "gray",
        "italic": false
      },
      "frame": "task",
      "show_toast": true,
      "announce_to_chat": true,
      "hidden": true
    },
    "parent": "advancements:discoveries/landmarks",
    "criteria": {
      "requirement": {
        "trigger": "minecraft:location",
        "conditions": {
          "player": [
            {
              "condition": "minecraft:location_check",
              "predicate": {
                "position": {
                    "x": {
                        "min": 4534,
                        "max": 4578
                    },
                    "y": {
                        "min": 0,
                        "max": 255
                    },
                    "z": {
                        "min": 1575,
                        "max": 1601
                  }
                },
                "dimension": "minecraft:overworld"
              }
            }
          ]
        }
      }
    },
    "rewards": {
      "experience": 35
    }
  }
  