{
    "display": {
        "title": {
            "text": "Apotheosis",
            "color": "gold",
            "bold": false
        },
        "description": {
            "text": "You find yourself among the gods of this realm. - Ascended to Lo'Dahr",
            "color": "gray"
        },
        "icon": {
            "item": "minecraft:yellow_concrete_powder"
        },
        "frame": "task",
        "show_toast": true,
        "announce_to_chat": true,
        "hidden": true
    },
    "criteria": {
        "overworld": {
            "trigger": "minecraft:impossible"
        }
    },
    "parent": "advancements:discoveries/root"
}