{
    "display": {
      "icon": {
        "item": "minecraft:stone_brick_wall"
      },
      "title": {
        "text": "Wall of the West",
        "color": "gray",
        "italic": false
      },
      "description": {
        "text": "BIG WALL. - Discovered Maehrn'Vhos",
        "color": "gray",
        "italic": false
      },
      "frame": "task",
      "show_toast": true,
      "announce_to_chat": true,
      "hidden": true
    },
    "parent": "advancements:discoveries/homligrave",
    "criteria": {
      "requirement": {
        "trigger": "minecraft:location",
        "conditions": {
          "player": [
            {
              "condition": "minecraft:location_check",
              "predicate": {
                "position": {
                    "x": {
                        "min": -2260,
                        "max": -2077
                    },
                    "y": {
                        "min": 0,
                        "max": 255
                    },
                    "z": {
                        "min": -162,
                        "max": -100
                  }
                },
                "dimension": "minecraft:overworld"
              }
            }
          ]
        }
      }
    },
    "rewards": {
      "experience": 35
    }
  }
  