{
    "display": {
      "icon": {
        "item": "minecraft:music_disc_chirp"
      },
      "title": {
        "text": "Lofty Laboratory",
        "color": "light_purple",
        "italic": false
      },
      "description": {
        "text": "On High Arch, over Tharxax City, perches the estate of an eccentric nobleman reliant on Maelihs to secure new Avsohmic technology for him to tinker with. - Discovered the Lord Magister’s Residence",
        "color": "gray",
        "italic": false
      },
      "frame": "task",
      "show_toast": true,
      "announce_to_chat": true,
      "hidden": true
    },
    "parent": "advancements:discoveries/desolation",
    "criteria": {
      "requirement": {
        "trigger": "minecraft:location",
        "conditions": {
          "player": [
            {
              "condition": "minecraft:location_check",
              "predicate": {
                "position": {
                    "x": {  
                        "min": -2128,
                        "max": -2096
                    },
                    "y": {
                        "min": 109,
                        "max": 144
                    },
                    "z": {
                        "min":  3560,
                        "max": 3600
                  }
                },
                "dimension": "minecraft:overworld"
              }
            }
          ]
        }
      }
    },
    "rewards": {
      "experience": 35
    }
  }
  