{
    "display": {
      "icon": {
        "item": "minecraft:red_glazed_terracotta"
      },
      "title": {
        "text": "Meat. They're made out of meat.",
        "color": "dark_red",
        "italic": false
      },
      "description": {
        "text": "Who wants to meet meat? - Discovered the Birthing Grounds",
        "color": "gray",
        "italic": false
      },
      "frame": "task",
      "show_toast": true,
      "announce_to_chat": true,
      "hidden": true
    },
    "parent": "advancements:discoveries/tharhan",
    "criteria": {
      "requirement": {
        "trigger": "minecraft:location",
        "conditions": {
          "player": [
            {
              "condition": "minecraft:location_check",
              "predicate": {
                "position": {
                    "x": {
                        "min": -2505,
                        "max": -2262
                    },
                    "y": {
                        "min": 70,
                        "max": 110
                    },
                    "z": {
                        "min": 5290,
                        "max": 5882
                  }
                },
                "dimension": "minecraft:overworld"
              }
            }
          ]
        }
      }
    },
    "rewards": {
      "experience": 99
    }
  }
  