{
    "display": {
      "icon": {
        "item": "minecraft:cyan_stained_glass"
      },
      "title": {
        "text": "Village of Three Moons",
        "color": "dark_aqua",
        "italic": false
      },
      "description": {
        "text": "Lorahn’Kahl was once home to the Tri-Moon Theocracy, a cult-kingdom of jungle necromancers. This village was established long after their fall. - Discovered Mohta",
        "color": "gray",
        "italic": false
      },
      "frame": "task",
      "show_toast": true,
      "announce_to_chat": true,
      "hidden": true
    },
    "parent": "advancements:discoveries/merijool",
    "criteria": {
      "requirement": {
        "trigger": "minecraft:location",
        "conditions": {
          "player": [
            {
              "condition": "minecraft:location_check",
              "predicate": {
                "position": {
                    "x": {
                        "max": 60,
                        "min": -80
                    },
                    "y": {
                        "max": 255,
                        "min": 0
                    },
                    "z": {
                        "max": 5340,
                        "min": 5237
                  }
                },
                "dimension": "minecraft:overworld"
              }
            }
          ]
        }
      }
    }
  }
  