{
    "display": {
      "icon": {
        "item": "minecraft:leather"
      },
      "title": {
        "text": "The Beast's Den",
        "color": "dark_red",
        "italic": false
      },
      "description": {
        "text": "Greatbeast Muhs, Aspect of Beasts, was hunted down and murdered in Av2 1702 by a group wishing to attain his power. In the end, they failed. - Discovered the Underwood, den of Greatbeast Muhs",
        "color": "gray",
        "italic": false
      },
      "frame": "task",
      "show_toast": true,
      "announce_to_chat": true,
      "hidden": true
    },
    "parent": "advancements:discoveries/landmarks",
    "criteria": {
      "requirement": {
        "trigger": "minecraft:location",
        "conditions": {
          "player": [
            {
              "condition": "minecraft:location_check",
              "predicate": {
                "position": {
                    "z": {
                        "max": 2904,
                        "min": 2586
                    },
                    "x": {
                        "max": 1082,
                        "min": 841
                    },
                    "y": {
                        "max": 75,
                        "min": 50
                  }
                },
                "dimension": "minecraft:overworld"
              }
            }
          ]
        }
      }
    },
    "rewards": {
      "experience": 215
    }
  }
  