{
    "display": {
      "icon": {
        "item": "minecraft:oak_wood"
      },
      "title": {
        "text": "Chamber of Dreams",
        "color": "light_purple",
        "italic": false
      },
      "description": {
        "text": "Drehmal slumbers deep below; perhaps one day they will awaken. - Stepped into the entrance of the Primal Caverns",
        "color": "gray",
        "italic": false
      },
      "frame": "task",
      "show_toast": true,
      "announce_to_chat": true,
      "hidden": true
    },
    "parent": "advancements:discoveries/landmarks",
    "criteria": {
      "requirement": {
        "trigger": "minecraft:location",
        "conditions": {
          "player": [
            {
              "condition": "minecraft:location_check",
              "predicate": {
                "position": {
                    "x": {
                        "min": 860,
                        "max": 873
                    },
                    "y": {
                        "min": 64,
                        "max": 70
                    },
                    "z": {
                        "min": 514,
                        "max": 531
                  }
                },
                "dimension": "minecraft:overworld"
              }
            }
          ]
        }
      }
    },
    "rewards": {
      "experience": 50
    }
  }
  