{
    "display": {
      "icon": {
        "item": "minecraft:oak_sapling"
      },
      "title": {
        "text": "Glade of the Giant",
        "color": "dark_green",
        "italic": false
      },
      "description": {
        "text": "Deep within the uncharted jungles of old Merijool lies a being of great power. - Discovered the wellspring of a forgotten remnant",
        "color": "gray",
        "italic": false
      },
      "frame": "task",
      "show_toast": true,
      "announce_to_chat": true,
      "hidden": true
    },
    "parent": "advancements:discoveries/primal_caverns",
    "criteria": {
      "requirement": {
        "trigger": "minecraft:location",
        "conditions": {
          "player": [
            {
              "condition": "minecraft:location_check",
              "predicate": {
                "position": {
                    "x": {  
                        "min": -1324.08,
                        "max": -914.39  
                    },
                    "y": {
                        "min": 66.43,
                        "max": 167.77
                    },
                    "z": {
                        "min": -437.77,
                        "max": -133.00
                  }
                },
                "dimension": "minecraft:overworld"
              }
            }
          ]
        }
      }
    },
    "rewards": {
      "experience": 40
    }
  }
  