{
    "display": {
      "icon": {
        "item": "minecraft:nether_wart_block"
      },
      "title": {
        "text": "City of Chaos",
        "color": "dark_green",
        "italic": false
      },
      "description": {
        "text": "The more “civilized” and “intelligent” Maelmari call this place their home. How despicable. - Discovered Rhaveloth",
        "color": "gray",
        "italic": false
      },
      "frame": "task",
      "show_toast": true,
      "announce_to_chat": true,
      "hidden": true
    },
    "parent": "advancements:discoveries/tharxax",
    "criteria": {
      "": {
        "trigger": "minecraft:location",
        "conditions": {
          "player": [
            {
              "condition": "minecraft:any_of",
              "terms": [
                {
                  "condition": "minecraft:location_check",
                  "predicate": {
                    "position": {
                        "x": {
                            "min": -2885,
                            "max": -2784
                        },
                        "y": {
                            "min": 0,
                            "max": 184
                        },
                        "z": {
                            "min": 5208,
                            "max": 5280
                      }
                    },
                    "dimension": "minecraft:overworld"
                  }
                },
                {
                  "condition": "minecraft:location_check",
                  "predicate": {
                    "position": {
                        "x": {
                            "min": -2971,
                            "max": -2830
                        },
                        "y": {
                            "min": 0,
                            "max": 184
                        },
                        "z": {
                            "min": 5162,
                            "max": 5209
                      }
                    },
                    "dimension": "minecraft:overworld"
                  }
                },
                {
                  "condition": "minecraft:location_check",
                  "predicate": {
                    "position": {
                        "x": {
                            "min": -2907,
                            "max": -2859
                        },
                        "y": {
                            "min": 0,
                            "max": 184
                        },
                        "z": {
                            "min": 5225,
                            "max": 5274
                      }
                    },
                    "dimension": "minecraft:overworld"
                  }
                }
              ]
            }
          ]
        }
      }
    },
    "rewards": {
      "experience": 55
    }
  }
  