{
    "display": {
      "icon": {
        "item": "minecraft:sea_lantern"
      },
      "title": {
        "text": "The Lost Cavern",
        "color": "aqua",
        "italic": false
      },
      "description": {
        "text": "Ages ago, Avsohm used this cave to gather Rehntite, an incredibly strong mineral with untold arcane potential. Unfortunately, the method of extraction has been lost to time. - Discovered the Rehntite Cave",
        "color": "gray",
        "italic": false
      },
      "frame": "task",
      "show_toast": true,
      "announce_to_chat": true,
      "hidden": true
    },
    "parent": "advancements:discoveries/avsohmvault",
    "criteria": {
      "requirement": {
        "trigger": "minecraft:location",
        "conditions": {
          "player": [
            {
              "condition": "minecraft:location_check",
              "predicate": {
                "position": {
                    "x": {
                        "min": 1514,
                        "max": 1689
                    },
                    "y": {
                        "min": 0,
                        "max": 60
                    },
                    "z": {
                        "min": -2826,
                        "max": -2549
                  }
                },
                "dimension": "minecraft:overworld"
              }
            }
          ]
        }
      }
    },
    "rewards": {
      "experience": 400
    }
  }
  