{
    "display": {
      "icon": {
        "item": "minecraft:amethyst_block"
      },
      "title": {
        "text": "Star-Rise Orrery",
        "color": "light_purple",
        "italic": false
      },
      "description": {
        "text": "Rihelma checks your perception. - Discovered Star-Rise Orrery",
        "color": "gray",
        "italic": false
      },
      "frame": "task",
      "show_toast": true,
      "announce_to_chat": true,
      "hidden": true
    },
    "parent": "advancements:discoveries/dahr",
    "criteria": {
      "requirement": {
        "trigger": "minecraft:location",
        "conditions": {
          "player": [
            {
              "condition": "minecraft:location_check",
              "predicate": {
                "position": {
                    "x": {
                        "min": 1063,
                        "max": 1186
                    },
                    "y": {
                        "min": 22,
                        "max": 139
                    },
                    "z": {
                        "min": 937,
                        "max": 1080
                  }
                },
                "dimension": "minecraft:lodahr"
              }
            }
          ]
        }
      }
    },
    "rewards": {
      "function": "players:misc/enter_trial/rihelma"
    }
  }
  