{
    "display": {
      "icon": {
        "item": "minecraft:magenta_terracotta"
      },
      "title": {
        "text": "The Forgotten City",
        "color": "green",
        "italic": false
      },
      "description": {
        "text": "The island of Sahd was wiped from history by Firteid's Tide-Queen, leaving them in isolation for hundreds of years. - Discovered New Sahd",
        "color": "gray",
        "italic": false
      },
      "frame": "task",
      "show_toast": true,
      "announce_to_chat": true,
      "hidden": true
    },
    "parent": "advancements:discoveries/nimahj",
    "criteria": {
      "requirement": {
        "trigger": "minecraft:location",
        "conditions": {
          "player": [
            {
              "condition": "minecraft:location_check",
              "predicate": {
                "position": {
                    "x": {
                        "max": 4891,
                        "min": 4751
                    },
                    "y": {
                        "max": 255,
                        "min": 0
                    },
                    "z": {
                        "max": 5796,
                        "min": 5657
                  }
                },
                "dimension": "minecraft:overworld"
              }
            }
          ]
        }
      }
    },
    "rewards": {
      "experience": 55
    }
  }
  