{
    "display": {
      "icon": {
        "item": "minecraft:golden_sword"
      },
      "title": {
        "text": "Capital of War",
        "color": "gold",
        "italic": false
      },
      "description": {
        "text": "Sal'Anyr's fall marked the beginning of the Dune Wars, and the start of the third Avihm. - Discovered the ruins of Sal'Anyr",
        "color": "gray",
        "italic": false
      },
      "frame": "task",
      "show_toast": true,
      "announce_to_chat": true,
      "hidden": true
    },
    "parent": "advancements:discoveries/maehrnvhos",
    "criteria": {
      "requirement": {
        "trigger": "minecraft:location",
        "conditions": {
          "player": [
            {
              "condition": "minecraft:location_check",
              "predicate": {
                "position": {
                    "x": {
                        "min": -3406,
                        "max": -3327
                    },
                    "y": {
                        "min": 129,
                        "max": 255
                    },
                    "z": {
                        "min": 2187,
                        "max": 2282
                  }
                },
                "dimension": "minecraft:overworld"
              }
            }
          ]
        }
      }
    },
    "rewards": {
      "experience": 178
    }
  }
  