{
    "display": {
      "icon": {
        "item": "minecraft:chiseled_quartz_block"
      },
      "title": {
        "text": "Temporal Ruins",
        "color": "dark_purple",
        "italic": false
      },
      "description": {
        "text": "An ancient city of science and knowledge, locked in a temporal stasis preventing structural degradation. - Discovered Sal'Mevir",
        "color": "gray",
        "italic": false
      },
      "frame": "task",
      "show_toast": true,
      "announce_to_chat": true,
      "hidden": true
    },
    "parent": "advancements:discoveries/avsal",
    "criteria": {
      "requirement": {
        "trigger": "minecraft:location",
        "conditions": {
          "player": [
            {
              "condition": "minecraft:location_check",
              "predicate": {
                "position": {
                    "x": {
                        "min": 2244,
                        "max": 2610
                    },
                    "y": {
                        "min": 0,
                        "max": 255
                    },
                    "z": {
                        "min": 974,
                        "max": 1235
                  }
                },
                "dimension": "minecraft:overworld"
              }
            }
          ]
        }
      }
    },
    "rewards": {
      "experience": 86
    }
  }
  