{
    "display": {
      "icon": {
        "item": "minecraft:prismarine_crystals"
      },
      "title": {
        "text": "The Moonlight Sanctum",
        "color": "dark_aqua",
        "italic": false
      },
      "description": {
        "text": "The Tri-Moon Theocracy used this place as a necrotic engine. Using the potentia of strange aquatic creatures, they performed abhorrent rituals and raised thousands of undead. - Discovered the Moonlight Sanctum",
        "color": "gray",
        "italic": false
      },
      "frame": "task",
      "show_toast": true,
      "announce_to_chat": true,
      "hidden": true
    },
    "parent": "advancements:discoveries/salanyr",
    "criteria": {
      "requirement": {
        "trigger": "minecraft:location",
        "conditions": {
          "player": [
            {
              "condition": "minecraft:location_check",
              "predicate": {
                "position": {
                    "x": {
                        "min": -692,
                        "max": -566
                    },
                    "y": {
                        "min": 52,
                        "max": 82
                    },
                    "z": {
                        "min": 4858,
                        "max": 4973
                  }
                },
                "dimension": "minecraft:overworld"
              }
            }
          ]
        }
      }
    },
    "rewards": {
      "experience": 55
    }
  }
  