{
    "display": {
      "icon": {
        "item": "minecraft:cracked_stone_bricks"
      },
      "title": {
        "text": "The Scarred Castle",
        "color": "dark_gray",
        "italic": false
      },
      "description": {
        "text": "The Order of Insohm used this castle as a base of operations as they reconquered the land from Maelihs. The castle fell to ruin after political instability destroyed the order. - Discovered Castle Scarstone",
        "color": "gray",
        "italic": false
      },
      "frame": "task",
      "show_toast": true,
      "announce_to_chat": true,
      "hidden": true
    },
    "parent": "advancements:discoveries/muhsden",
    "criteria": {
      "requirement": {
        "trigger": "minecraft:location",
        "conditions": {
          "player": [
            {
              "condition": "minecraft:location_check",
              "predicate": {
                "position": {
                    "x": {
                        "min": 2452,
                        "max": 2497
                    },
                    "y": {
                        "min": 181,
                        "max": 223
                    },
                    "z": {
                        "min": 2116,
                        "max": 2167
                  }
                },
                "dimension": "minecraft:overworld"
              }
            }
          ]
        }
      }
    },
    "rewards": {
      "experience": 91
    }
  }
  