{
    "display": {
      "icon": {
        "item": "minecraft:stone_bricks"
      },
      "title": {
        "text": "Shatterhorn Gulch",
        "color": "light_purple",
        "italic": false
      },
      "description": {
        "text": "It is unclear when the prison at Shatterhorn Gulch was first built, but it has operated since before the apex of the Insohmic Coalition and is thought to be the most secure detention facility in the realm. - Discovered Shatterhorn Gulch",
        "color": "gray",
        "italic": false
      },
      "frame": "task",
      "show_toast": true,
      "announce_to_chat": true,
      "hidden": true
    },
    "parent": "advancements:discoveries/scarstone",
    "criteria": {
      "requirement": {
        "trigger": "minecraft:location",
        "conditions": {
          "player": [
            {
              "condition": "minecraft:location_check",
              "predicate": {
                "position": {
                    "x": {  
                        "min": 4604,
                        "max": 4714  
                    },
                    "y": {
                        "min": 27,
                        "max": 156
                    },
                    "z": {
                        "min": -868,
                        "max": -665
                  }
                },
                "dimension": "minecraft:overworld"
              }
            }
          ]
        }
      }
    },
    "rewards": {
      "experience": 40
    }
  }
  