{
    "display": {
      "icon": {
        "item": "minecraft:charcoal"
      },
      "title": {
        "text": "Ash Heap",
        "color": "yellow",
        "italic": false
      },
      "description": {
        "text": "The devout say that one sacred flame from the realm’s very creation was maintained in Merijool even through the Felling. Civil war has a way of putting an end to local traditions. - Discovered the Shrine of Eternal Flame, sacred place of Lai",
        "color": "gray",
        "italic": false
      },
      "frame": "task",
      "show_toast": true,
      "announce_to_chat": true,
      "hidden": true
    },
    "parent": "advancements:discoveries/well",
    "criteria": {
      "requirement": {
        "trigger": "minecraft:location",
        "conditions": {
          "player": [
            {
              "condition": "minecraft:location_check",
              "predicate": {
                "position": {
                  "x": {
                    "min": -1445,
                    "max": -1415
                },
                "y": {
                    "min": 85,
                    "max": 118
                },
                "z": {
                    "min": -1652,
                    "max": -1622
                  }
                },
                "dimension": "minecraft:overworld"
              }
            }
          ]
        }
      }
    },
    "rewards": {
      "experience": 55
    }
  }
  