{
    "display": {
      "icon": {
        "item": "minecraft:slime_block"
      },
      "title": {
        "text": "Ohh, bouncy!",
        "color": "purple",
        "italic": false
      },
      "description": {
        "text": "Do you think it's alive? - Discovered the Slime Island",
        "color": "gray",
        "italic": false
      },
      "frame": "task",
      "show_toast": true,
      "announce_to_chat": true,
      "hidden": true
    },
    "parent": "advancements:discoveries/magister",
    "criteria": {
      "requirement": {
        "trigger": "minecraft:location",
        "conditions": {
          "player": [
            {
              "condition": "minecraft:location_check",
              "predicate": {
                "position": {
                    "x": {
                        "max": -1095,
                        "min": -1375
                    },
                    "y": {
                        "max": 165,
                        "min": 59
                    },
                    "z": {
                        "max": 3888,
                        "min": 3520
                  }
                },
                "dimension": "minecraft:overworld"
              }
            }
          ]
        }
      }
    },
    "rewards": {
      "experience": 160
    }
  }
  