{
    "display": {
      "icon": {
        "item": "minecraft:small_dripleaf"
      },
      "title": {
        "text": "Flower Power",
        "color": "green",
        "italic": false
      },
      "description": {
        "text": "Follow your bliss, and it will lead you here. - Discovered the Temple of the Bloom and Bough, sacred place of Vayniklah",
        "color": "gray",
        "italic": false
      },
      "frame": "task",
      "show_toast": true,
      "announce_to_chat": true,
      "hidden": true
    },
    "parent": "advancements:discoveries/devotion",
    "criteria": {
      "requirement": {
        "trigger": "minecraft:location",
        "conditions": {
          "player": [
            {
              "condition": "minecraft:location_check",
              "predicate": {
                "position": {
                    "x": {
                        "min": 2263,
                        "max": 2326
                    },
                    "y": {
                        "min": 69,
                        "max": 120
                    },
                    "z": {
                        "min": -1627,
                        "max": -1593
                  }
                },
                "dimension": "minecraft:overworld"
              }
            }
          ]
        }
      }
    },
    "rewards": {
      "experience": 55
    }
  }
  