{
    "display": {
      "icon": {
        "item": "minecraft:dripstone_block"
      },
      "title": {
        "text": "Underground Fortress",
        "color": "dark_gray",
        "italic": false
      },
      "description": {
        "text": "Settled by exiled prisoners, this deep city grew to become the capital of the Second Tharhan Empire before being annexed by Avsohm, then Maelihs, then Insohm, and then finally falling to ruin. - Discovered Caer Adacia",
        "color": "gray",
        "italic": false
      },
      "frame": "task",
      "show_toast": true,
      "announce_to_chat": true,
      "hidden": true
    },
    "parent": "advancements:discoveries/slime",
    "criteria": {
      "requirement": {
        "trigger": "minecraft:location",
        "conditions": {
          "player": [
            {
              "condition": "minecraft:location_check",
              "predicate": {
                "position": {
                    "x": {  
                        "min": -1471 ,
                        "max": -1219
                    },
                    "y": {
                        "min": 14,
                        "max": 55
                    },
                    "z": {
                        "min": 372,
                        "max": 528
                  }
                },
                "dimension": "minecraft:overworld"
              }
            }
          ]
        }
      }
    },
    "rewards": {
      "experience": 40
    }
  }
  