{
    "display": {
      "icon": {
        "item": "minecraft:iron_block"
      },
      "title": {
        "text": "WUPOM (Wealthy Under Protection of Mael)",
        "color": "dark_gray",
        "italic": false
      },
      "description": {
        "text": "They believe themselves to be under ‘protection’ of Maelihs. How naive. - Discovered Tharxax City",
        "color": "gray",
        "italic": false
      },
      "frame": "task",
      "show_toast": true,
      "announce_to_chat": true,
      "hidden": true
    },
    "parent": "advancements:discoveries/sahd",
    "criteria": {
      "requirement": {
        "trigger": "minecraft:location",
        "conditions": {
          "player": [
            {
              "condition": "minecraft:location_check",
              "predicate": {
                "position": {
                    "x": {
                        "max": -2116,
                        "min": -2239
                    },
                    "y": {
                        "max": 255,
                        "min": 0
                    },
                    "z": {
                        "max": 3707,
                        "min": 3577
                  }
                },
                "dimension": "minecraft:overworld"
              }
            }
          ]
        }
      }
    }
  }
  