{
    "display": {
      "icon": {
        "item": "minecraft:honeycomb_block"
      },
      "title": {
        "text": "Temple of Life",
        "color": "yellow",
        "italic": false
      },
      "description": {
        "text": "Vayniklah tries your intuition. - Discovered the Temple of Life",
        "color": "gray",
        "italic": false
      },
      "frame": "task",
      "show_toast": true,
      "announce_to_chat": true,
      "hidden": true
    },
    "parent": "advancements:discoveries/lai",
    "criteria": {
      "requirement": {
        "trigger": "minecraft:location",
        "conditions": {
          "player": [
            {
              "condition": "minecraft:location_check",
              "predicate": {
                "position": {
                    "x": {
                        "min": -524,
                        "max": -454
                    },
                    "y": {
                        "min": 70,
                        "max": 104
                    },
                    "z": {
                        "min": -253,
                        "max": -190
                  }
                },
                "dimension": "minecraft:lodahr"
              }
            }
          ]
        }
      }
    },
    "rewards": {
      "function": "players:misc/enter_trial/vayniklah"
    }
  }
  