{
    "display": {
      "icon": {
        "item": "minecraft:soul_sand"
      },
      "title": {
        "text": "Death’s Embrace",
        "color": "dark_gray",
        "italic": false
      },
      "description": {
        "text": "While the Casain primarily follow Virtuo, many retain the traditional practice of Voynahla worship in the hope of favorable reincarnation. - Discovered the Perishing Well, sacred place of Voynahla",
        "color": "gray",
        "italic": false
      },
      "frame": "task",
      "show_toast": true,
      "announce_to_chat": true,
      "hidden": true
    },
    "parent": "advancements:discoveries/temple",
    "criteria": {
      "requirement": {
        "trigger": "minecraft:location",
        "conditions": {
          "player": [
            {
              "condition": "minecraft:location_check",
              "predicate": {
                "position": {
                    "x": {
                        "min": -3145,
                        "max": -3129
                    },
                    "y": {
                        "min": 84,
                        "max": 104
                    },
                    "z": {
                        "min": -1007,
                        "max": -991
                  }
                },
                "dimension": "minecraft:overworld"
              }
            }
          ]
        }
      }
    },
    "rewards": {
      "experience": 55
    }
  }
  