{
    "display": {
      "icon": {
        "item": "minecraft:clay_ball"
      },
      "title": {
        "text": "If These Walls Could Talk",
        "color": "red",
        "italic": false
      },
      "description": {
        "text": "A skilled and hardworking tribe of Drehmari built this adobe cliff dwelling that was ancient when even Avsohm was young. - Discovered the ruins of Wokonori, sacred place of Taihgel",
        "color": "gray",
        "italic": false
      },
      "frame": "task",
      "show_toast": true,
      "announce_to_chat": true,
      "hidden": true
    },
    "parent": "advancements:discoveries/bastion",
    "criteria": {
      "": {
        "trigger": "minecraft:location",
        "conditions": {
          "player": [
            {
              "condition": "minecraft:any_of",
              "terms": [
                {
                  "condition": "minecraft:location_check",
                  "predicate": {
                    "position": {
                    "x": {
                        "min": 4254,
                        "max": 4317
                    },
                    "y": {
                        "min": 27,
                        "max": 69
                    },
                    "z": {
                        "min": -954,
                        "max": -921
                      }
                    },
                    "dimension": "minecraft:overworld"
                  }
                },
                {
                  "condition": "minecraft:location_check",
                  "predicate": {
                    "position": {
                        "x": {
                            "min": 4311,
                            "max": 4329
                        },
                        "y": {
                            "min": 30,
                            "max": 60
                        },
                        "z": {
                            "min": -946,
                            "max": -885
                      }
                    },
                    "dimension": "minecraft:overworld"
                  }
                }
              ]
            }
          ]
        }
      }
    },
    "rewards": {
      "experience": 55
    }
  }
  