{
    "display": {
      "icon": {
        "item": "minecraft:purple_stained_glass"
      },
      "title": {
        "text": "Crystal Rites, Crystal Mites",
        "color": "#a813d1",
        "italic": false
      },
      "description": {
        "text": "Once a testament to the hardiness of an exiled people, the city of the Xorhai now lies in ruin beneath the surface of the eastern twin. - Discovered Xor'Huul",
        "color": "gray",
        "italic": false
      },
      "frame": "task",
      "show_toast": true,
      "announce_to_chat": true,
      "hidden": true
    },
    "parent": "advancements:discoveries/primalsapling",
    "criteria": {
      "requirement": {
        "trigger": "minecraft:location",
        "conditions": {
          "player": [
            {
              "condition": "minecraft:location_check",
              "predicate": {
                "position": {
                 "x": {
                     "min": -1286,
                     "max": -1164     
                 },
                 "y": {
                   "min": 28,
                   "max": 74
                 },
                 "z": {
                   "min": -4205,
                   "max": -4054
                  }
                },
                "dimension": "minecraft:overworld"
              }
            }
          ]
        }
      }
    },
    "rewards": {
      "experience": 40
    }
  }
  