{
    "display": {
      "icon": {
        "item": "minecraft:dead_brain_coral_block"
      },
      "title": {
        "text": "A Mountain of Holes",
        "color": "dark_purple",
        "italic": false
      },
      "description": {
        "text": "This mountain emanates a strange, resonating energy. You feel… empty. - Journeyed to Mt. Yavhlix",
        "color": "gray",
        "italic": false
      },
      "frame": "task",
      "show_toast": true,
      "announce_to_chat": true,
      "hidden": true
    },
    "parent": "advancements:discoveries/rehntite",
    "criteria": {
      "requirement": {
        "trigger": "minecraft:location",
        "conditions": {
          "player": [
            {
              "condition": "minecraft:location_check",
              "predicate": {
                "position": {
                    "x": {
                        "min": 1597,
                        "max": 1920
                    },
                    "y": {
                        "min": 0,
                        "max": 255
                    },
                    "z": {
                        "min": -4442,
                        "max": -4215
                  }
                },
                "dimension": "minecraft:overworld"
              }
            }
          ]
        }
      }
    },
    "rewards": {
      "experience": 315
    }
  }
  