{
    "display": {
      "icon": {
        "item": "minecraft:ender_pearl"
      },
      "title": {
        "text": "Deja Vu",
        "color": "gold",
        "italic": false
      },
      "description": {
        "text": "An ancient tabernacle of the crestfallen Aspect of Magic hums to life as you approach. Have you been in this place before? - Discovered a nameless ziggurat, sacred place of Khive",
        "color": "gray",
        "italic": false
      },
      "frame": "task",
      "show_toast": true,
      "announce_to_chat": true,
      "hidden": true
    },
    "parent": "advancements:discoveries/wokonori",
    "criteria": {
      "requirement": {
        "trigger": "minecraft:location",
        "conditions": {
          "player": [
            {
              "condition": "minecraft:location_check",
              "predicate": {
                "position": {
                    "x": {
                        "min": 1073,
                        "max": 1144
                    },
                    "y": {
                        "min": 60,
                        "max": 96
                    },
                    "z": {
                        "min": 1065,
                        "max": 1120
                  }
                },
                "dimension": "minecraft:overworld"
              }
            }
          ]
        }
      }
    },
    "rewards": {
      "experience": 55
    }
  }
  